Product Id,Product Handle,Product Title,Product Status,Product Thumbnail,Product Sales Channel 1,Product Sales Channel 2,Variant Id
prod_01K7WPGWQFZ9W05NVJJ0WK5BSB,transofrmateur,Alimentation LED 60W Ultra Slim,published,http://localhost:9000/static/1767281117050-ts-60w-12v.jpg,sc_01K7D6J88YHZWJZPADM83Q3FGR,sc_01KHCNSJGNTZD6GDHSG4GW495H,variant_01K7WPGX3ZWZM34X7SX03MY25C
prod_01K7WPGWQFZ9W05NVJJ0WK5BSB,transofrmateur,Alimentation LED 60W Ultra Slim,published,http://localhost:9000/static/1767281117050-ts-60w-12v.jpg,sc_01K7D6J88YHZWJZPADM83Q3FGR,sc_01KHCNSJGNTZD6GDHSG4GW495H,variant_01K7WPGX40F5D6ZA3AJ7R5CB05
prod_01K8PCH8FC9EJR9321W796ER10,100-watt-led-power-supply,Alimentation LED 100W Ultra Slim - Aluminium,published,http://localhost:9000/static/1767281157387-ts-100w-12.jpg,sc_01K7D6J88YHZWJZPADM83Q3FGR,sc_01KHCNSJGNTZD6GDHSG4GW495H,variant_01K8PCH8JKKXZENQZXB3CBTZP5
prod_01K8PCH8FC9EJR9321W796ER10,100-watt-led-power-supply,Alimentation LED 100W Ultra Slim - Aluminium,published,http://localhost:9000/static/1767281157387-ts-100w-12.jpg,sc_01K7D6J88YHZWJZPADM83Q3FGR,sc_01KHCNSJGNTZD6GDHSG4GW495H,variant_01K8PCH8JKGCEPTEJHSMEECND4
prod_01K8PCS945HPJXB7RC5Q84T2W0,150-watt-led-power-supply,Alimentation LED 150W Ultra Slim - Aluminium,published,http://localhost:9000/static/1767281181895-ts-150w-us.jpg,sc_01K7D6J88YHZWJZPADM83Q3FGR,sc_01KHCNSJGNTZD6GDHSG4GW495H,variant_01K8PCS95WGJGTPVH30J44BRCG
prod_01K8PCS945HPJXB7RC5Q84T2W0,150-watt-led-power-supply,Alimentation LED 150W Ultra Slim - Aluminium,published,http://localhost:9000/static/1767281181895-ts-150w-us.jpg,sc_01K7D6J88YHZWJZPADM83Q3FGR,sc_01KHCNSJGNTZD6GDHSG4GW495H,variant_01K8PCS95X1M5Q19CECG00KJFC
prod_01K8PCYMXT8S2VZDB0NNGKSP5V,200-watt-led-power-supply,Alimentation LED 200W Ultra Slim - Aluminium,published,http://localhost:9000/static/1767281207477-ts-200w-us.jpg,sc_01K7D6J88YHZWJZPADM83Q3FGR,sc_01KHCNSJGNTZD6GDHSG4GW495H,variant_01K8PCYN05TEAEN6Z7BHQW76NE
prod_01K8PCYMXT8S2VZDB0NNGKSP5V,200-watt-led-power-supply,Alimentation LED 200W Ultra Slim - Aluminium,published,http://localhost:9000/static/1767281207477-ts-200w-us.jpg,sc_01K7D6J88YHZWJZPADM83Q3FGR,sc_01KHCNSJGNTZD6GDHSG4GW495H,variant_01K8PCYN0C18NANTT4D9J34CJ7
prod_01K8PD2JCN86ADSAPNWPC1CT74,300w-transformateur-ultra-slim,Alimentation LED 300W Ultra Slim - Aluminium,published,http://localhost:9000/static/1767281225787-ts-200w-us.jpg,sc_01K7D6J88YHZWJZPADM83Q3FGR,sc_01KHCNSJGNTZD6GDHSG4GW495H,variant_01K8PD2JFCJF3XRHKFJR6NC51A
prod_01K8PD2JCN86ADSAPNWPC1CT74,300w-transformateur-ultra-slim,Alimentation LED 300W Ultra Slim - Aluminium,published,http://localhost:9000/static/1767281225787-ts-200w-us.jpg,sc_01K7D6J88YHZWJZPADM83Q3FGR,sc_01KHCNSJGNTZD6GDHSG4GW495H,variant_01K8PD2JFCS5S8S0F5RER3S9ZR
prod_01K8PD9T9SVRMZ901WGZETZEB3,400w-transformateur-ultra-slim,Alimentation LED 400W Ultra Slim - Aluminium,published,http://localhost:9000/static/1767281253798-ts-200w-us.jpg,sc_01K7D6J88YHZWJZPADM83Q3FGR,sc_01KHCNSJGNTZD6GDHSG4GW495H,variant_01K8PD9TBNZDRWPCE8CKF1E14K
prod_01K8PD9T9SVRMZ901WGZETZEB3,400w-transformateur-ultra-slim,Alimentation LED 400W Ultra Slim - Aluminium,published,http://localhost:9000/static/1767281253798-ts-200w-us.jpg,sc_01K7D6J88YHZWJZPADM83Q3FGR,sc_01KHCNSJGNTZD6GDHSG4GW495H,variant_01K8PD9TBNG5XEKX7Q5XKANP22
prod_01KBGETSQD3QVY2A96G4X5K7ZZ,profile-encastre-177mm-pour-ruban-led,profile encastre 17/7mm pour ruban led,published,http://localhost:9000/static/1766856399151-profile-enc-app-17_7.jpg,sc_01K7D6J88YHZWJZPADM83Q3FGR,sc_01KHCNSJGNTZD6GDHSG4GW495H,variant_01KBGETSZHV82CB7GY3GNJ77CX
prod_01KBGETSQD3QVY2A96G4X5K7ZZ,profile-encastre-177mm-pour-ruban-led,profile encastre 17/7mm pour ruban led,published,http://localhost:9000/static/1766856399151-profile-enc-app-17_7.jpg,sc_01K7D6J88YHZWJZPADM83Q3FGR,sc_01KHCNSJGNTZD6GDHSG4GW495H,variant_01KD0N0YX0K08EG8BX3D8FW1N8
prod_01KBK2W6WNJGQ96D78E7BYP1A9,profile-aluminium-led-17x7mm-apparent,Profilé Aluminium LED 17x7mm Apparent,published,http://localhost:9000/static/1766857827555-profile-app-17_7-noir-gris.jpg,sc_01K7D6J88YHZWJZPADM83Q3FGR,sc_01KHCNSJGNTZD6GDHSG4GW495H,variant_01KBK2W72D8TK7H28D5XK1E2HV
prod_01KBK2W6WNJGQ96D78E7BYP1A9,profile-aluminium-led-17x7mm-apparent,Profilé Aluminium LED 17x7mm Apparent,published,http://localhost:9000/static/1766857827555-profile-app-17_7-noir-gris.jpg,sc_01K7D6J88YHZWJZPADM83Q3FGR,sc_01KHCNSJGNTZD6GDHSG4GW495H,variant_01KBK2W72DQ0D8RZ5DKVMWYMRR
prod_01KBK4678AFZ6SETWS1WFFKEK3,profile-led-aluminium-apparent-17x14mm,Profilé LED Aluminium Apparent 17x14mm,published,http://localhost:9000/static/1764799749298-Whisk_2e60d66152f0bcda87e43d79b3a07a3cdr.png,sc_01K7D6J88YHZWJZPADM83Q3FGR,sc_01KHCNSJGNTZD6GDHSG4GW495H,variant_01KBK467CF85WZW76ZA3H7C97K
prod_01KBK4678AFZ6SETWS1WFFKEK3,profile-led-aluminium-apparent-17x14mm,Profilé LED Aluminium Apparent 17x14mm,published,http://localhost:9000/static/1764799749298-Whisk_2e60d66152f0bcda87e43d79b3a07a3cdr.png,sc_01K7D6J88YHZWJZPADM83Q3FGR,sc_01KHCNSJGNTZD6GDHSG4GW495H,variant_01KBK467CFZNC1M88E89DXKM7M
prod_01KBNDDG228C75FR8S08J9GK6J,profile-apparent-noir-1714mm-pour-ruban-led,profile apparent noir 17/14mm pour ruban led,published,http://localhost:9000/static/1764876533714-LAM-PR060-N-1.jpg,sc_01K7D6J88YHZWJZPADM83Q3FGR,sc_01KHCNSJGNTZD6GDHSG4GW495H,variant_01KBNDDGA9C3ENNWD9JATGF10D
prod_01KBNDDG228C75FR8S08J9GK6J,profile-apparent-noir-1714mm-pour-ruban-led,profile apparent noir 17/14mm pour ruban led,published,http://localhost:9000/static/1764876533714-LAM-PR060-N-1.jpg,sc_01K7D6J88YHZWJZPADM83Q3FGR,sc_01KHCNSJGNTZD6GDHSG4GW495H,variant_01KBNDDGAAEXF68Q7RVN6KZ2XC
prod_01KBNDZP6G1VCC8PAC39NFRZ4K,profile-encastre-noir-1714mm-pour-ruban-led,profile encastre noir 17/14mm pour ruban led,published,http://localhost:9000/static/1766859363680-profile-encastre-17_14.jpg,sc_01K7D6J88YHZWJZPADM83Q3FGR,sc_01KHCNSJGNTZD6GDHSG4GW495H,variant_01KBNDZPBZ9SMDMV5F0XDASRD9
prod_01KBNDZP6G1VCC8PAC39NFRZ4K,profile-encastre-noir-1714mm-pour-ruban-led,profile encastre noir 17/14mm pour ruban led,published,http://localhost:9000/static/1766859363680-profile-encastre-17_14.jpg,sc_01K7D6J88YHZWJZPADM83Q3FGR,sc_01KHCNSJGNTZD6GDHSG4GW495H,variant_01KBNDZPC170ZRYX9864Q30X8R
prod_01KBNGSN0PAQN89SJPB7A9QQB7,rofile-architectural-lineaire-50x75-suspenduapparent,Profilé Architectural Linéaire 50x75 – Suspendu/Apparent,published,http://localhost:9000/static/1766958240161-57PR.png,sc_01K7D6J88YHZWJZPADM83Q3FGR,sc_01KHCNSJGNTZD6GDHSG4GW495H,variant_01KBNGSN8WHSSM74P9GNA8359E
prod_01KBNGSN0PAQN89SJPB7A9QQB7,rofile-architectural-lineaire-50x75-suspenduapparent,Profilé Architectural Linéaire 50x75 – Suspendu/Apparent,published,http://localhost:9000/static/1766958240161-57PR.png,sc_01K7D6J88YHZWJZPADM83Q3FGR,sc_01KHCNSJGNTZD6GDHSG4GW495H,variant_01KBNGSN8Z5T8VJPNBY65E6APY
prod_01KBTH4N1T7PNYV3B544X14WH5,profile-led-profile-aluminium-8mm9mm-encastre,Profilé LED Profile Aluminium 8mm*9mm ENCASTRE,published,http://localhost:9000/static/1765048210449-Gemini_Generated_Image_jfhkudjfhkudjfhk.png,sc_01K7D6J88YHZWJZPADM83Q3FGR,sc_01KHCNSJGNTZD6GDHSG4GW495H,variant_01KBTH4N60RMCERCAWMQ93XMEC
prod_01KBTH4N1T7PNYV3B544X14WH5,profile-led-profile-aluminium-8mm9mm-encastre,Profilé LED Profile Aluminium 8mm*9mm ENCASTRE,published,http://localhost:9000/static/1765048210449-Gemini_Generated_Image_jfhkudjfhkudjfhk.png,sc_01K7D6J88YHZWJZPADM83Q3FGR,sc_01KHCNSJGNTZD6GDHSG4GW495H,variant_01KBTHK58P43DXC9KB4BHESS0T
prod_01KBTJNMTQ74F642FD9GNCPBXY,profile-led-aluminium-9mm8mm-apparent,Profilé LED Aluminium 9mm*8mm  Apparent,published,http://localhost:9000/static/1765049815830-Gemini_Generated_Image_96hjuj96hjuj96hj.png,sc_01K7D6J88YHZWJZPADM83Q3FGR,sc_01KHCNSJGNTZD6GDHSG4GW495H,variant_01KBTJNN3MT5269VR92RQKWCE2
prod_01KBTJNMTQ74F642FD9GNCPBXY,profile-led-aluminium-9mm8mm-apparent,Profilé LED Aluminium 9mm*8mm  Apparent,published,http://localhost:9000/static/1765049815830-Gemini_Generated_Image_96hjuj96hjuj96hj.png,sc_01K7D6J88YHZWJZPADM83Q3FGR,sc_01KHCNSJGNTZD6GDHSG4GW495H,variant_01KBTJNN3M7B9R3DGECXSNGF4K
prod_01KC51Q12VXNE58CDK5X9JD8DS,controleur-led-2-en-1-24-ghz-fut035s,"Contrôleur LED 2 en 1 (2,4 GHz) FUT035S+",published,http://localhost:9000/static/1765401134107-Gemini_Generated_Image_o6koejo6koejo6ko.png,sc_01K7D6J88YHZWJZPADM83Q3FGR,sc_01KHCNSJGNTZD6GDHSG4GW495H,variant_01KC51Q15CQQ84SZWEBA25DYA9
prod_01KC51Q12VXNE58CDK5X9JD8DS,controleur-led-2-en-1-24-ghz-fut035s,"Contrôleur LED 2 en 1 (2,4 GHz) FUT035S+",published,http://localhost:9000/static/1765401134107-Gemini_Generated_Image_o6koejo6koejo6ko.png,sc_01K7D6J88YHZWJZPADM83Q3FGR,sc_01KHCNSJGNTZD6GDHSG4GW495H,variant_01KC51Q15C96R0ACHH573V0E9A
prod_01KC520769GEAFBG0W8AA4SQEA,controleur-led-rf-3-en-1-miboxer-rgbrgbwrgbcct,Contrôleur LED RF 3-en-1 MiBoxer (RGB/RGBW/RGBCCT),published,http://localhost:9000/static/1765401435270-1000101563%20(2048%C3%83%C2%972048).png,sc_01K7D6J88YHZWJZPADM83Q3FGR,sc_01KHCNSJGNTZD6GDHSG4GW495H,variant_01KC52078RRKGCT3BRX8N90KK6
prod_01KC520769GEAFBG0W8AA4SQEA,controleur-led-rf-3-en-1-miboxer-rgbrgbwrgbcct,Contrôleur LED RF 3-en-1 MiBoxer (RGB/RGBW/RGBCCT),published,http://localhost:9000/static/1765401435270-1000101563%20(2048%C3%83%C2%972048).png,sc_01K7D6J88YHZWJZPADM83Q3FGR,sc_01KHCNSJGNTZD6GDHSG4GW495H,variant_01KC52078RPMT7A2CBY5N0XQ96
prod_01KC52BFAKE80TZADQS80TEDH8,pack-controleur-led-smart-rgbcct-miboxer-fut045a,Pack Contrôleur LED Smart RGB+CCT MiBoxer (FUT045A),published,http://localhost:9000/static/1765643144839-MiBoxer-FUT045A-RGBWW-Smart-LED-Controller-650x800.jpg,sc_01K7D6J88YHZWJZPADM83Q3FGR,sc_01KHCNSJGNTZD6GDHSG4GW495H,variant_01KC52BFE1K549D6KK2ET4Q8S5
prod_01KC52BFAKE80TZADQS80TEDH8,pack-controleur-led-smart-rgbcct-miboxer-fut045a,Pack Contrôleur LED Smart RGB+CCT MiBoxer (FUT045A),published,http://localhost:9000/static/1765643144839-MiBoxer-FUT045A-RGBWW-Smart-LED-Controller-650x800.jpg,sc_01K7D6J88YHZWJZPADM83Q3FGR,sc_01KHCNSJGNTZD6GDHSG4GW495H,variant_01KC52BFE1AG6MCAZKE76TAX96
prod_01KCC8P1HZD85RM5R4SGH1RPNP,controleur-led-wifi-rf-5-en-1-miboxer-wl5,Contrôleur LED WiFi & RF 5-en-1 MiBoxer (WL5),published,http://localhost:9000/static/1765643613799-WIFI%205%20IN%201%20LED%20STRIP%20CONTROLLER.jpg,sc_01K7D6J88YHZWJZPADM83Q3FGR,sc_01KHCNSJGNTZD6GDHSG4GW495H,variant_01KCC8P1SNPAQWDQ3V6T7G4FJ3
prod_01KCC8P1HZD85RM5R4SGH1RPNP,controleur-led-wifi-rf-5-en-1-miboxer-wl5,Contrôleur LED WiFi & RF 5-en-1 MiBoxer (WL5),published,http://localhost:9000/static/1765643613799-WIFI%205%20IN%201%20LED%20STRIP%20CONTROLLER.jpg,sc_01K7D6J88YHZWJZPADM83Q3FGR,sc_01KHCNSJGNTZD6GDHSG4GW495H,variant_01KCC8P1SP3W6WR92TAD7A5XNK
prod_01KCC9PC7AZJTKJ19HJV7GNRCR,controleur-led-rf-rgbcct-miboxer-fut039s,Contrôleur LED RF RGB+CCT MiBoxer (FUT039S),published,http://localhost:9000/static/1765644594211-FUT039S.jpg,sc_01K7D6J88YHZWJZPADM83Q3FGR,sc_01KHCNSJGNTZD6GDHSG4GW495H,variant_01KCC9PCDH293F3JSRDX2407PW
prod_01KCC9PC7AZJTKJ19HJV7GNRCR,controleur-led-rf-rgbcct-miboxer-fut039s,Contrôleur LED RF RGB+CCT MiBoxer (FUT039S),published,http://localhost:9000/static/1765644594211-FUT039S.jpg,sc_01K7D6J88YHZWJZPADM83Q3FGR,sc_01KHCNSJGNTZD6GDHSG4GW495H,variant_01KCC9PCDHM6MQGQDPB20XBWXP
prod_01KCDZZ7J0GXPP4SA8D9BHTS6H,controleur-led-rgb-zigbee-30-miboxer-fut037z,Contrôleur LED RGB Zigbee 3.0 MiBoxer (FUT037Z),published,http://localhost:9000/static/1765702896622-FUT37Z.jpg,sc_01KHCNSJGNTZD6GDHSG4GW495H,,variant_01KCDZZ7P1S2V970M46GX0RX2Q
prod_01KCDZZ7J0GXPP4SA8D9BHTS6H,controleur-led-rgb-zigbee-30-miboxer-fut037z,Contrôleur LED RGB Zigbee 3.0 MiBoxer (FUT037Z),published,http://localhost:9000/static/1765702896622-FUT37Z.jpg,sc_01KHCNSJGNTZD6GDHSG4GW495H,,variant_01KCDZZ7P1N7J71TH94ZBD0ZWT
prod_01KCE04B0HF15121QBCTN033NC,controleur-led-zigbee-30-rf-cct-ou-monocouleur-miboxer-fut035z,Contrôleur LED Zigbee 3.0 & RF CCT ou Monocouleur MiBoxer (FUT035Z+),published,http://localhost:9000/static/1765702480295-FUT35Z+(1).jpg,sc_01K7D6J88YHZWJZPADM83Q3FGR,sc_01KHCNSJGNTZD6GDHSG4GW495H,variant_01KCE04B35EHW9PCMK7MK4KRF4
prod_01KCE04B0HF15121QBCTN033NC,controleur-led-zigbee-30-rf-cct-ou-monocouleur-miboxer-fut035z,Contrôleur LED Zigbee 3.0 & RF CCT ou Monocouleur MiBoxer (FUT035Z+),published,http://localhost:9000/static/1765702480295-FUT35Z+(1).jpg,sc_01K7D6J88YHZWJZPADM83Q3FGR,sc_01KHCNSJGNTZD6GDHSG4GW495H,variant_01KCE04B36M5E98S2G2B4J2P82
prod_01KCE1N3PN7C5K3S3BH8S9RDDY,controleur-etanche-5-en-1-rf-miboxer-ls2-wp,Contrôleur Étanche 5-en-1 RF MiBoxer (LS2-WP),published,http://localhost:9000/static/1765703276093-LS2-WP%20.jpg,sc_01K7D6J88YHZWJZPADM83Q3FGR,sc_01KHCNSJGNTZD6GDHSG4GW495H,variant_01KCE1N3S9N1NR3BM9S5FE9GG8
prod_01KCE1N3PN7C5K3S3BH8S9RDDY,controleur-etanche-5-en-1-rf-miboxer-ls2-wp,Contrôleur Étanche 5-en-1 RF MiBoxer (LS2-WP),published,http://localhost:9000/static/1765703276093-LS2-WP%20.jpg,sc_01K7D6J88YHZWJZPADM83Q3FGR,sc_01KHCNSJGNTZD6GDHSG4GW495H,variant_01KCE1N3S9HWWX6KD9ZTASG1P9
prod_01KCE1Q8DKRS4CJH3MQ6NJD496,controleur-led-rgbcct-zigbee-30-miboxer-fut039z,Contrôleur LED RGB+CCT Zigbee 3.0 MiBoxer (FUT039Z),published,http://localhost:9000/static/1765703158154-fut339z.jpg,sc_01K7D6J88YHZWJZPADM83Q3FGR,sc_01KHCNSJGNTZD6GDHSG4GW495H,variant_01KCE1Q8ETQW87DWW9KG82AVZM
prod_01KCE1Q8DKRS4CJH3MQ6NJD496,controleur-led-rgbcct-zigbee-30-miboxer-fut039z,Contrôleur LED RGB+CCT Zigbee 3.0 MiBoxer (FUT039Z),published,http://localhost:9000/static/1765703158154-fut339z.jpg,sc_01K7D6J88YHZWJZPADM83Q3FGR,sc_01KHCNSJGNTZD6GDHSG4GW495H,variant_01KCE1Q8EWXF46W6DY946N5WJ7
prod_01KCHTP2HQJT4K8SRVYT0NB53A,controleur-mural-tactile-3-en-1-miboxer-p3,Contrôleur Mural Tactile 3-en-1 MiBoxer (P3),published,http://localhost:9000/static/1765829970332-p3..jpg,sc_01K7D6J88YHZWJZPADM83Q3FGR,sc_01KHCNSJGNTZD6GDHSG4GW495H,variant_01KCHTP32AYP44KK0CCGC6P1E9
prod_01KCHTP2HQJT4K8SRVYT0NB53A,controleur-mural-tactile-3-en-1-miboxer-p3,Contrôleur Mural Tactile 3-en-1 MiBoxer (P3),published,http://localhost:9000/static/1765829970332-p3..jpg,sc_01K7D6J88YHZWJZPADM83Q3FGR,sc_01KHCNSJGNTZD6GDHSG4GW495H,variant_01KCHTP32C2MSPQY0NR32ZG5Z5
prod_01KCHV845EW6DZM6E581A4BY9E,panneau-mural-tactile-rgbw-4-zones-miboxer-t3,Panneau Mural Tactile RGBW 4 Zones MiBoxer (T3),published,http://localhost:9000/static/1765830561856-T3.jpg,sc_01K7D6J88YHZWJZPADM83Q3FGR,sc_01KHCNSJGNTZD6GDHSG4GW495H,variant_01KCHV84DNKYA7A83M2HHVX3KA
prod_01KCHV845EW6DZM6E581A4BY9E,panneau-mural-tactile-rgbw-4-zones-miboxer-t3,Panneau Mural Tactile RGBW 4 Zones MiBoxer (T3),published,http://localhost:9000/static/1765830561856-T3.jpg,sc_01K7D6J88YHZWJZPADM83Q3FGR,sc_01KHCNSJGNTZD6GDHSG4GW495H,variant_01KCHV84DPPRYPNX1RM9AQ83W1
prod_01KCHVTC7VBT57CY3W1H2MX7CM,panneau-mural-tactile-rgbcct-4-zones-miboxer-t4,Panneau Mural Tactile RGB+CCT 4 Zones MiBoxer (T4),published,http://localhost:9000/static/1765831159952-t4.jpg,sc_01K7D6J88YHZWJZPADM83Q3FGR,sc_01KHCNSJGNTZD6GDHSG4GW495H,variant_01KCHVTCFMVS1NVJZK0HS3VTF4
prod_01KCHVTC7VBT57CY3W1H2MX7CM,panneau-mural-tactile-rgbcct-4-zones-miboxer-t4,Panneau Mural Tactile RGB+CCT 4 Zones MiBoxer (T4),published,http://localhost:9000/static/1765831159952-t4.jpg,sc_01K7D6J88YHZWJZPADM83Q3FGR,sc_01KHCNSJGNTZD6GDHSG4GW495H,variant_01KCHVTCFN0FC02Q0NFB6Y6ZQT
prod_01KCHWBR1CZSWGDN3MPS636269,kit-controleur-led-rgbw-rf-avec-telecommande-tactile,Kit Contrôleur LED RGBW RF avec Télécommande Tactile,published,http://localhost:9000/static/1765831729054-Kit%20Contr%C3%83%C2%B4leur%20LED%20RGBW%20RF%20avec%20T%C3%83%C2%A9l%C3%83%C2%A9commande%20Tactile.jpg,sc_01K7D6J88YHZWJZPADM83Q3FGR,sc_01KHCNSJGNTZD6GDHSG4GW495H,variant_01KCHWBRDD38KSZJ1GBE0PYES7
prod_01KCHWBR1CZSWGDN3MPS636269,kit-controleur-led-rgbw-rf-avec-telecommande-tactile,Kit Contrôleur LED RGBW RF avec Télécommande Tactile,published,http://localhost:9000/static/1765831729054-Kit%20Contr%C3%83%C2%B4leur%20LED%20RGBW%20RF%20avec%20T%C3%83%C2%A9l%C3%83%C2%A9commande%20Tactile.jpg,sc_01K7D6J88YHZWJZPADM83Q3FGR,sc_01KHCNSJGNTZD6GDHSG4GW495H,variant_01KCHWBRDE769JJ8TSK1KDY5H2
prod_01KCMDJ6W2DCKXTRV9G6EGZNFF,decodeur-led-dmx512-4-canaux-12v-24v,Décodeur LED DMX512 4 Canaux (12V-24V),published,http://localhost:9000/static/1765916875592-decodeir-dmx-4-caneaux.jpg,sc_01K7D6J88YHZWJZPADM83Q3FGR,sc_01KHCNSJGNTZD6GDHSG4GW495H,variant_01KCMDJ70S37GTNTZ6CM1Y7T12
prod_01KCMDJ6W2DCKXTRV9G6EGZNFF,decodeur-led-dmx512-4-canaux-12v-24v,Décodeur LED DMX512 4 Canaux (12V-24V),published,http://localhost:9000/static/1765916875592-decodeir-dmx-4-caneaux.jpg,sc_01K7D6J88YHZWJZPADM83Q3FGR,sc_01KHCNSJGNTZD6GDHSG4GW495H,variant_01KCMDJ70SQY0QEHTZV4DX0NVK
prod_01KCYT4B0TGTGJ1HFWF4EM2RGK,wis-sp110e-bt-magic,WIS-SP110E-BT-MAGIC,published,http://localhost:9000/static/1766269837059-SP0110E.jpg,sc_01K7D6J88YHZWJZPADM83Q3FGR,sc_01KHCNSJGNTZD6GDHSG4GW495H,variant_01KCYT4B3QTYZA077YW4GZ0XES
prod_01KCYT4B0TGTGJ1HFWF4EM2RGK,wis-sp110e-bt-magic,WIS-SP110E-BT-MAGIC,published,http://localhost:9000/static/1766269837059-SP0110E.jpg,sc_01K7D6J88YHZWJZPADM83Q3FGR,sc_01KHCNSJGNTZD6GDHSG4GW495H,variant_01KCYT4B3RA55WS1VK8N43ZWHF
prod_01KCYTF86G13VP1MX0QMQ83ZVK,controleur-led-magic-dual-bluetooth-rf-sp601e,Contrôleur LED Magic Dual Bluetooth & RF (SP601E),published,http://localhost:9000/static/1766270704360-SP601E%20Bluetooth%20Light%20Controller%20For%20Addressable%20LED%20Stripes.jpg,sc_01K7D6J88YHZWJZPADM83Q3FGR,sc_01KHCNSJGNTZD6GDHSG4GW495H,variant_01KCYTF889DA5Y1AW48JGW1XSM
prod_01KCYTF86G13VP1MX0QMQ83ZVK,controleur-led-magic-dual-bluetooth-rf-sp601e,Contrôleur LED Magic Dual Bluetooth & RF (SP601E),published,http://localhost:9000/static/1766270704360-SP601E%20Bluetooth%20Light%20Controller%20For%20Addressable%20LED%20Stripes.jpg,sc_01K7D6J88YHZWJZPADM83Q3FGR,sc_01KHCNSJGNTZD6GDHSG4GW495H,variant_01KCYTF88A9MQTWNQWFM0ZVBBW
prod_01KCYTQQ4PWJTAWHEHVVBHPPT9,controleur-led-magic-bluetooth-rf-4-canaux-sp602e,Contrôleur LED Magic Bluetooth & RF 4 Canaux (SP602E),published,http://localhost:9000/static/1766271929434-SP0602E.jpg,sc_01K7D6J88YHZWJZPADM83Q3FGR,sc_01KHCNSJGNTZD6GDHSG4GW495H,variant_01KCYTQQ6F3HZN2BSAG0NVT1VC
prod_01KCYTQQ4PWJTAWHEHVVBHPPT9,controleur-led-magic-bluetooth-rf-4-canaux-sp602e,Contrôleur LED Magic Bluetooth & RF 4 Canaux (SP602E),published,http://localhost:9000/static/1766271929434-SP0602E.jpg,sc_01K7D6J88YHZWJZPADM83Q3FGR,sc_01KHCNSJGNTZD6GDHSG4GW495H,variant_01KCYTQQ6FJFHHJKFC2TAEQXVZ
prod_01KCYTY5YGKE7513N22977YGHS,controleur-led-magic-bluetooth-rf-8-canaux-sp608e,Contrôleur LED Magic Bluetooth & RF 8 Canaux (SP608E),published,http://localhost:9000/static/1766272421702-SP608E.jpg,sc_01K7D6J88YHZWJZPADM83Q3FGR,sc_01KHCNSJGNTZD6GDHSG4GW495H,variant_01KCYTY5ZY4ETADMP63RYWM132
prod_01KCYTY5YGKE7513N22977YGHS,controleur-led-magic-bluetooth-rf-8-canaux-sp608e,Contrôleur LED Magic Bluetooth & RF 8 Canaux (SP608E),published,http://localhost:9000/static/1766272421702-SP608E.jpg,sc_01K7D6J88YHZWJZPADM83Q3FGR,sc_01KHCNSJGNTZD6GDHSG4GW495H,variant_01KCYTY5ZYF14SS1N2SXV995Q3
prod_01KCYV5G56FJSKDST8CKYPY1JT,controleur-led-artnet-spi-4-sorties-onoffline-c86s,Contrôleur LED ArtNet & SPI 4 Sorties On/Offline (C86S),published,http://localhost:9000/static/1770757368998-H807SA.jpg,sc_01K7D6J88YHZWJZPADM83Q3FGR,sc_01KHCNSJGNTZD6GDHSG4GW495H,variant_01KCYV5G6CNW2FTJYA1AJ9J453
prod_01KCYV5G56FJSKDST8CKYPY1JT,controleur-led-artnet-spi-4-sorties-onoffline-c86s,Contrôleur LED ArtNet & SPI 4 Sorties On/Offline (C86S),published,http://localhost:9000/static/1770757368998-H807SA.jpg,sc_01K7D6J88YHZWJZPADM83Q3FGR,sc_01KHCNSJGNTZD6GDHSG4GW495H,variant_01KCYV5G6CATMDYG1BGNB7X1NK
prod_01KCYVEF06ZJTF1C10H68QEXQ6,controleur-led-artnet-spi-8-sorties-onoffline-c87s,Contrôleur LED ArtNet & SPI 8 Sorties On/Offline (C87S),published,http://localhost:9000/static/1770757397903-H807SA.jpg,sc_01K7D6J88YHZWJZPADM83Q3FGR,sc_01KHCNSJGNTZD6GDHSG4GW495H,variant_01KCYVEF1CN8SJP7XGPK5Q5ZR5
prod_01KCYVEF06ZJTF1C10H68QEXQ6,controleur-led-artnet-spi-8-sorties-onoffline-c87s,Contrôleur LED ArtNet & SPI 8 Sorties On/Offline (C87S),published,http://localhost:9000/static/1770757397903-H807SA.jpg,sc_01K7D6J88YHZWJZPADM83Q3FGR,sc_01KHCNSJGNTZD6GDHSG4GW495H,variant_01KCYVEF1C1WPYFJ7MC9SH0KV9
prod_01KCYVN4BD7KQWW13PXXJHFC9H,controleur-led-pixel-sd-card-dmx-8-sorties-c83s,Contrôleur LED Pixel SD Card & DMX 8 Sorties (C83S),published,http://localhost:9000/static/1770758467098-H807SA.jpg,sc_01K7D6J88YHZWJZPADM83Q3FGR,sc_01KHCNSJGNTZD6GDHSG4GW495H,variant_01KCYVN4CYMY44SYCNCT56JS2M
prod_01KCYVN4BD7KQWW13PXXJHFC9H,controleur-led-pixel-sd-card-dmx-8-sorties-c83s,Contrôleur LED Pixel SD Card & DMX 8 Sorties (C83S),published,http://localhost:9000/static/1770758467098-H807SA.jpg,sc_01K7D6J88YHZWJZPADM83Q3FGR,sc_01KHCNSJGNTZD6GDHSG4GW495H,variant_01KCYVN4CYJFRS4MEXXGCT2386
prod_01KCYVX2ES888XC81YR8HC02ZT,controleur-led-magic-wifi-sp108e,Contrôleur LED Magic WiFi (SP108E),published,http://localhost:9000/static/1766273227357-SP108E.jpg,sc_01K7D6J88YHZWJZPADM83Q3FGR,sc_01KHCNSJGNTZD6GDHSG4GW495H,variant_01KCYVX2GBV72M59YR7Q63CAV8
prod_01KCYVX2ES888XC81YR8HC02ZT,controleur-led-magic-wifi-sp108e,Contrôleur LED Magic WiFi (SP108E),published,http://localhost:9000/static/1766273227357-SP108E.jpg,sc_01K7D6J88YHZWJZPADM83Q3FGR,sc_01KHCNSJGNTZD6GDHSG4GW495H,variant_01KCYVX2GC3GFGF49S4HQV35B9
prod_01KD3W4PKEHY5SE2WN0HPF53P4,guirlande-led-3x3m-transparante,Guirlande LED 3x3M Rideaux  Transparante ,published,http://localhost:9000/static/1766437341481-guirlande-led-rideau-usb-3x3m-300-led-telecommande-blanc-chaud-548378_1800x1800.jpg,sc_01K7D6J88YHZWJZPADM83Q3FGR,sc_01KHCNSJGNTZD6GDHSG4GW495H,variant_01KD3W4PRK45E6XX8Y1C8WW057
prod_01KD3W4PKEHY5SE2WN0HPF53P4,guirlande-led-3x3m-transparante,Guirlande LED 3x3M Rideaux  Transparante ,published,http://localhost:9000/static/1766437341481-guirlande-led-rideau-usb-3x3m-300-led-telecommande-blanc-chaud-548378_1800x1800.jpg,sc_01K7D6J88YHZWJZPADM83Q3FGR,sc_01KHCNSJGNTZD6GDHSG4GW495H,variant_01KD3W4PRKDZDZM494SM1VNX12
prod_01KD3W4PKEHY5SE2WN0HPF53P4,guirlande-led-3x3m-transparante,Guirlande LED 3x3M Rideaux  Transparante ,published,http://localhost:9000/static/1766437341481-guirlande-led-rideau-usb-3x3m-300-led-telecommande-blanc-chaud-548378_1800x1800.jpg,sc_01K7D6J88YHZWJZPADM83Q3FGR,sc_01KHCNSJGNTZD6GDHSG4GW495H,variant_01KD3W4PRMEQCT9X29HHFXB18R
prod_01KD3WH51SNZ8FN801YFDZCVXY,guirlande-filet-led-3x3m-transparente-decoration-fetes-mariages-ramadan-dispo-blanc-rgb,"Guirlande Filet LED 3x3m transparente Décoration Fêtes, Mariages & Ramadan - (Dispo : Blanc / RGB)",published,http://localhost:9000/static/1766437608134-guirllande%20fillet.jpg,sc_01K7D6J88YHZWJZPADM83Q3FGR,sc_01KHCNSJGNTZD6GDHSG4GW495H,variant_01KD3WH55BGM4TCVA1KNH1HAJY
prod_01KD3WH51SNZ8FN801YFDZCVXY,guirlande-filet-led-3x3m-transparente-decoration-fetes-mariages-ramadan-dispo-blanc-rgb,"Guirlande Filet LED 3x3m transparente Décoration Fêtes, Mariages & Ramadan - (Dispo : Blanc / RGB)",published,http://localhost:9000/static/1766437608134-guirllande%20fillet.jpg,sc_01K7D6J88YHZWJZPADM83Q3FGR,sc_01KHCNSJGNTZD6GDHSG4GW495H,variant_01KD3WH55B40SZZJK2M95ZEAFG
prod_01KD3WV6GE0N6PMJP2X3RYN3DN,guirlande-lumineuse-led-10m-transparente-deco-fetes-ramadan-salon-blanc-blanc-chaud-rgb,"Guirlande Lumineuse LED 10m transparente Déco Fêtes, Ramadan & Salon (Blanc / blanc chaud / RGB)",published,http://localhost:9000/static/1766438848384-guirlande-10m.jpg,sc_01K7D6J88YHZWJZPADM83Q3FGR,sc_01KHCNSJGNTZD6GDHSG4GW495H,variant_01KD3WV6MJC4ZDGGGFAYZR0AXN
prod_01KD3WV6GE0N6PMJP2X3RYN3DN,guirlande-lumineuse-led-10m-transparente-deco-fetes-ramadan-salon-blanc-blanc-chaud-rgb,"Guirlande Lumineuse LED 10m transparente Déco Fêtes, Ramadan & Salon (Blanc / blanc chaud / RGB)",published,http://localhost:9000/static/1766438848384-guirlande-10m.jpg,sc_01K7D6J88YHZWJZPADM83Q3FGR,sc_01KHCNSJGNTZD6GDHSG4GW495H,variant_01KD3WV6MK0K65G9PFJ3D5KHYG
prod_01KD3WV6GE0N6PMJP2X3RYN3DN,guirlande-lumineuse-led-10m-transparente-deco-fetes-ramadan-salon-blanc-blanc-chaud-rgb,"Guirlande Lumineuse LED 10m transparente Déco Fêtes, Ramadan & Salon (Blanc / blanc chaud / RGB)",published,http://localhost:9000/static/1766438848384-guirlande-10m.jpg,sc_01K7D6J88YHZWJZPADM83Q3FGR,sc_01KHCNSJGNTZD6GDHSG4GW495H,variant_01KD3WV6MK8RVGHS10TH5J5C6X
prod_01KD3X14A0J9Z7M4Y54V6QYSRG,guirlande-led-exterieure-pro-etanche-10m-ip65-fil-noir,Guirlande LED Extérieure Pro Étanche 10m (IP65) - Fil Noir,published,http://localhost:9000/static/1766439492412-guirlande-ip65.png,sc_01K7D6J88YHZWJZPADM83Q3FGR,sc_01KHCNSJGNTZD6GDHSG4GW495H,variant_01KD3X14CF2MFKN4ZW9EREK80A
prod_01KD3X14A0J9Z7M4Y54V6QYSRG,guirlande-led-exterieure-pro-etanche-10m-ip65-fil-noir,Guirlande LED Extérieure Pro Étanche 10m (IP65) - Fil Noir,published,http://localhost:9000/static/1766439492412-guirlande-ip65.png,sc_01K7D6J88YHZWJZPADM83Q3FGR,sc_01KHCNSJGNTZD6GDHSG4GW495H,variant_01KD3X14CGFC3YVFJ7B61VRETX
prod_01KD3XB0FFKS943MN92XX7CE6F,guirlande-guinguette-led-e27-professionnelle-ip65-noir-5m-10m-20m,Guirlande Guinguette LED E27 Professionnelle IP65 - Noir (5m / 10m / 20m),published,http://localhost:9000/static/1766440204465-guirlande-guinguette-5-metres-conex-8-ampoules-led-au-choix(1).jpg,sc_01K7D6J88YHZWJZPADM83Q3FGR,sc_01KHCNSJGNTZD6GDHSG4GW495H,variant_01KD3XB0K5A7F7A0G7WG5XEYNK
prod_01KD3XB0FFKS943MN92XX7CE6F,guirlande-guinguette-led-e27-professionnelle-ip65-noir-5m-10m-20m,Guirlande Guinguette LED E27 Professionnelle IP65 - Noir (5m / 10m / 20m),published,http://localhost:9000/static/1766440204465-guirlande-guinguette-5-metres-conex-8-ampoules-led-au-choix(1).jpg,sc_01K7D6J88YHZWJZPADM83Q3FGR,sc_01KHCNSJGNTZD6GDHSG4GW495H,variant_01KD3XB0K52RPHMJHDQBFW95TC
prod_01KD3XB0FFKS943MN92XX7CE6F,guirlande-guinguette-led-e27-professionnelle-ip65-noir-5m-10m-20m,Guirlande Guinguette LED E27 Professionnelle IP65 - Noir (5m / 10m / 20m),published,http://localhost:9000/static/1766440204465-guirlande-guinguette-5-metres-conex-8-ampoules-led-au-choix(1).jpg,sc_01K7D6J88YHZWJZPADM83Q3FGR,sc_01KHCNSJGNTZD6GDHSG4GW495H,variant_01KD3XB0K5W6HVYEQ0WVQP94PG
prod_01KD6G0AX8EBTEP310SSME0EPB,bobine-fibre-optique-05mm-6000-metres-translucide-etanche,Bobine Fibre Optique 0.5mm - 6000 Mètres (Translucide & Étanche),published,http://localhost:9000/static/1766527383139-Fibre-Optic-0.5mm.jpg,sc_01K7D6J88YHZWJZPADM83Q3FGR,sc_01KHCNSJGNTZD6GDHSG4GW495H,variant_01KD6G0BAR1YW8R43TK3FWCQ10
prod_01KD6G0AX8EBTEP310SSME0EPB,bobine-fibre-optique-05mm-6000-metres-translucide-etanche,Bobine Fibre Optique 0.5mm - 6000 Mètres (Translucide & Étanche),published,http://localhost:9000/static/1766527383139-Fibre-Optic-0.5mm.jpg,sc_01K7D6J88YHZWJZPADM83Q3FGR,sc_01KHCNSJGNTZD6GDHSG4GW495H,variant_01KD6G0BAT2CGYFYFK65JBFN5D
prod_01KD6G8MV4V28BNCKYQRPGWH5A,bobine-fibre-optique-075mm-2700-metres-translucide-etanche,Bobine Fibre Optique 0.75mm - 2700 Mètres (Translucide & Étanche),published,http://localhost:9000/static/1766527968065-Fibre-Optic-0.75mm.jpg,sc_01K7D6J88YHZWJZPADM83Q3FGR,sc_01KHCNSJGNTZD6GDHSG4GW495H,variant_01KD6G8MYH3Y9VRK9PDVVAC65A
prod_01KD6G8MV4V28BNCKYQRPGWH5A,bobine-fibre-optique-075mm-2700-metres-translucide-etanche,Bobine Fibre Optique 0.75mm - 2700 Mètres (Translucide & Étanche),published,http://localhost:9000/static/1766527968065-Fibre-Optic-0.75mm.jpg,sc_01K7D6J88YHZWJZPADM83Q3FGR,sc_01KHCNSJGNTZD6GDHSG4GW495H,variant_01KD6G8MYJYBC7BSPGXXHERZ91
prod_01KD6GVE34NP71ZVQF5TZ5N9D3,bobine-fibre-optique-15mm-700-metres-luminosite-maximale-etanche,Bobine Fibre Optique 1.5mm - 700 Mètres (Luminosité Maximale & Étanche),published,http://localhost:9000/static/1766527430120-Fibre-Optic-1.5mm.jpg,sc_01K7D6J88YHZWJZPADM83Q3FGR,sc_01KHCNSJGNTZD6GDHSG4GW495H,variant_01KD6GVE9ZD1B7SJ0D4DD3FDRM
prod_01KD6GVE34NP71ZVQF5TZ5N9D3,bobine-fibre-optique-15mm-700-metres-luminosite-maximale-etanche,Bobine Fibre Optique 1.5mm - 700 Mètres (Luminosité Maximale & Étanche),published,http://localhost:9000/static/1766527430120-Fibre-Optic-1.5mm.jpg,sc_01K7D6J88YHZWJZPADM83Q3FGR,sc_01KHCNSJGNTZD6GDHSG4GW495H,variant_01KD6GVEA3WTZ53DM8PHAT4VC0
prod_01KD6GZT9W4RG0X04QFPN8RZEW,bobine-fibre-optique-20mm-350-metres-effet-spot-etanche,Bobine Fibre Optique 2.0mm - 350 Mètres (Effet Spot & Étanche),draft,http://localhost:9000/static/1766527443689-Fibre-Optic-2mm.jpg,sc_01K7D6J88YHZWJZPADM83Q3FGR,sc_01KHCNSJGNTZD6GDHSG4GW495H,variant_01KD6GZTE4PHJJRPM91W5F07QA
prod_01KD6GZT9W4RG0X04QFPN8RZEW,bobine-fibre-optique-20mm-350-metres-effet-spot-etanche,Bobine Fibre Optique 2.0mm - 350 Mètres (Effet Spot & Étanche),draft,http://localhost:9000/static/1766527443689-Fibre-Optic-2mm.jpg,sc_01K7D6J88YHZWJZPADM83Q3FGR,sc_01KHCNSJGNTZD6GDHSG4GW495H,variant_01KD6GZTE5S14SJRCRXRNZHP4F
prod_01KD6H826FP7E90GQFXWTXG579,bobine-fibre-optique-25mm-250-metres-haute-puissance-etanche,Bobine Fibre Optique 2.5mm - 250 Mètres (Haute Puissance & Étanche),published,http://localhost:9000/static/1766527469943-Fibre-Optic-2.5mm.jpg,sc_01K7D6J88YHZWJZPADM83Q3FGR,sc_01KHCNSJGNTZD6GDHSG4GW495H,variant_01KD6H82BCBEPDER8YRMW4XDRP
prod_01KD6H826FP7E90GQFXWTXG579,bobine-fibre-optique-25mm-250-metres-haute-puissance-etanche,Bobine Fibre Optique 2.5mm - 250 Mètres (Haute Puissance & Étanche),published,http://localhost:9000/static/1766527469943-Fibre-Optic-2.5mm.jpg,sc_01K7D6J88YHZWJZPADM83Q3FGR,sc_01KHCNSJGNTZD6GDHSG4GW495H,variant_01KD6H82BDXPMBBEZP7ZJGP3P3
prod_01KD6HD3NJ9VVSGMCM2A7JKSMH,bobine-fibre-optique-30-mm-150-metres-impact-lumineux-maximum-etanche,Bobine Fibre Optique 3.0 mm - 150 Mètres (Impact Lumineux Maximum & Étanche),published,http://localhost:9000/static/1766527540962-Fibre-Optic-3mm.jpg,sc_01K7D6J88YHZWJZPADM83Q3FGR,sc_01KHCNSJGNTZD6GDHSG4GW495H,variant_01KD6HD3TH49GWSSMWB6KZ18H1
prod_01KD6HD3NJ9VVSGMCM2A7JKSMH,bobine-fibre-optique-30-mm-150-metres-impact-lumineux-maximum-etanche,Bobine Fibre Optique 3.0 mm - 150 Mètres (Impact Lumineux Maximum & Étanche),published,http://localhost:9000/static/1766527540962-Fibre-Optic-3mm.jpg,sc_01K7D6J88YHZWJZPADM83Q3FGR,sc_01KHCNSJGNTZD6GDHSG4GW495H,variant_01KD6HD3TJVSR2QXMK19VN8ZWR
prod_01KD6HNCV3318HZR924E0GKHEQ,generateur-fibre-optique-16w-rgb-moteur-pour-ciel-etoile-diamantled,Générateur Fibre Optique 16W RGB - Moteur pour Ciel Étoilé (DiamantLED),published,http://localhost:9000/static/1766528426386-generateur-16w-rgb.jpg,sc_01K7D6J88YHZWJZPADM83Q3FGR,sc_01KHCNSJGNTZD6GDHSG4GW495H,variant_01KD6HND06NH7V44KQN55E1WWD
prod_01KD6HNCV3318HZR924E0GKHEQ,generateur-fibre-optique-16w-rgb-moteur-pour-ciel-etoile-diamantled,Générateur Fibre Optique 16W RGB - Moteur pour Ciel Étoilé (DiamantLED),published,http://localhost:9000/static/1766528426386-generateur-16w-rgb.jpg,sc_01K7D6J88YHZWJZPADM83Q3FGR,sc_01KHCNSJGNTZD6GDHSG4GW495H,variant_01KD6HND08RZY6X85MZYVFXVAF
prod_01KD6HV7MNNENCS4JJS3CD24QT,generateur-fibre-optique-32w-rgb-double-sortie-2-x-16w-rf,Générateur Fibre Optique 32W RGB Double Sortie (2 x 16W) - RF,published,http://localhost:9000/static/1767483100453-32w.jpg,sc_01K7D6J88YHZWJZPADM83Q3FGR,sc_01KHCNSJGNTZD6GDHSG4GW495H,variant_01KD6HV7T6WTF0SCBGJYFNF00G
prod_01KD6HV7MNNENCS4JJS3CD24QT,generateur-fibre-optique-32w-rgb-double-sortie-2-x-16w-rf,Générateur Fibre Optique 32W RGB Double Sortie (2 x 16W) - RF,published,http://localhost:9000/static/1767483100453-32w.jpg,sc_01K7D6J88YHZWJZPADM83Q3FGR,sc_01KHCNSJGNTZD6GDHSG4GW495H,variant_01KD6HV7T79Z6X82ZAXDJCWR9M
prod_01KD6J28GJKPQDSFEGJN7VSX7W,generateur-fibre-optique-45w-rgbw-puissance-pro-blanc-pur-rf,Générateur Fibre Optique 45W RGBW - Puissance Pro & Blanc Pur (RF),published,http://localhost:9000/static/1770758555490-generateur-16w-rgb.jpg,sc_01K7D6J88YHZWJZPADM83Q3FGR,sc_01KHCNSJGNTZD6GDHSG4GW495H,variant_01KD6J28MHTEEMS3Z3FQZB2FQ8
prod_01KD6J28GJKPQDSFEGJN7VSX7W,generateur-fibre-optique-45w-rgbw-puissance-pro-blanc-pur-rf,Générateur Fibre Optique 45W RGBW - Puissance Pro & Blanc Pur (RF),published,http://localhost:9000/static/1770758555490-generateur-16w-rgb.jpg,sc_01K7D6J88YHZWJZPADM83Q3FGR,sc_01KHCNSJGNTZD6GDHSG4GW495H,variant_01KD6J28MJZCWN3CDEMG8C5QMN
prod_01KD6J81J8FFRDTDM4T6PDATWJ,generateur-fibre-optique-double-45w-90w-total-rgbw-rf-3000k-4000k,Générateur Fibre Optique Double 45W (90W Total) RGBW - RF (3000K / 4000K),published,http://localhost:9000/static/1766611833750-genrateur-90w.jpg,sc_01K7D6J88YHZWJZPADM83Q3FGR,sc_01KHCNSJGNTZD6GDHSG4GW495H,variant_01KD6J81NSB7NAFYSQBSF99AC3
prod_01KD6J81J8FFRDTDM4T6PDATWJ,generateur-fibre-optique-double-45w-90w-total-rgbw-rf-3000k-4000k,Générateur Fibre Optique Double 45W (90W Total) RGBW - RF (3000K / 4000K),published,http://localhost:9000/static/1766611833750-genrateur-90w.jpg,sc_01K7D6J88YHZWJZPADM83Q3FGR,sc_01KHCNSJGNTZD6GDHSG4GW495H,variant_01KD6J81NYW18MYJQXJNX868RQ
prod_01KD6JEYFWWAW450RXQQ8M9EDX,generateur-fibre-optique-10w-rgbw-12v-special-ciel-etoile-voiture-app-bluetooth,Générateur Fibre Optique 10W RGBW 12V - Spécial Ciel Étoilé Voiture (App & Bluetooth),published,http://localhost:9000/static/1767483066375-generateur-10w.jpg,sc_01K7D6J88YHZWJZPADM83Q3FGR,sc_01KHCNSJGNTZD6GDHSG4GW495H,variant_01KD6JEYMXB8TRA3JSPZHJBY7N
prod_01KD6JEYFWWAW450RXQQ8M9EDX,generateur-fibre-optique-10w-rgbw-12v-special-ciel-etoile-voiture-app-bluetooth,Générateur Fibre Optique 10W RGBW 12V - Spécial Ciel Étoilé Voiture (App & Bluetooth),published,http://localhost:9000/static/1767483066375-generateur-10w.jpg,sc_01K7D6J88YHZWJZPADM83Q3FGR,sc_01KHCNSJGNTZD6GDHSG4GW495H,variant_01KD6JEYMY4VFF6RGGJJF8S790
prod_01KD6JKHM146SKRK2JDESF386H,generateur-fibre-optique-pro-45w-rgb-controle-dmx-512,Générateur Fibre Optique Pro 45W RGB - Contrôle DMX 512,published,http://localhost:9000/static/1766612501588-generateur-dmx-1.jpg,sc_01K7D6J88YHZWJZPADM83Q3FGR,sc_01KHCNSJGNTZD6GDHSG4GW495H,variant_01KD6JKHRD8SP9AMWNASMYKDRC
prod_01KD6JKHM146SKRK2JDESF386H,generateur-fibre-optique-pro-45w-rgb-controle-dmx-512,Générateur Fibre Optique Pro 45W RGB - Contrôle DMX 512,published,http://localhost:9000/static/1766612501588-generateur-dmx-1.jpg,sc_01K7D6J88YHZWJZPADM83Q3FGR,sc_01KHCNSJGNTZD6GDHSG4GW495H,variant_01KD6JKHREBM3BJSRPZ2ETY6HR
prod_01KD92SKRQR0DVGJ7VQWKVBWWH,mini-detecteur-de-mouvement-12v24v-finition-noir-mat,Mini Détecteur de Mouvement 12V/24V - Finition Noir Mat,published,http://localhost:9000/static/1766612584759-detecteur-de-mouvement-single-shading-noir.jpg,sc_01K7D6J88YHZWJZPADM83Q3FGR,sc_01KHCNSJGNTZD6GDHSG4GW495H,variant_01KD92SM7YNTPPPVYDR4A91F85
prod_01KD92SKRQR0DVGJ7VQWKVBWWH,mini-detecteur-de-mouvement-12v24v-finition-noir-mat,Mini Détecteur de Mouvement 12V/24V - Finition Noir Mat,published,http://localhost:9000/static/1766612584759-detecteur-de-mouvement-single-shading-noir.jpg,sc_01K7D6J88YHZWJZPADM83Q3FGR,sc_01KHCNSJGNTZD6GDHSG4GW495H,variant_01KD92SM7VYMAV87HBKE79HQSS
prod_01KD937CSSV41SSQNA2VRZR47G,double-detecteur-de-mouvement-led-12v24v-finition-luxe-chrome-noir,Double Détecteur de Mouvement LED 12V/24V - Finition Luxe (Chrome / Noir),published,http://localhost:9000/static/1766613410862-detecteur-de-mouvement-double-shading-noir.jpg,sc_01K7D6J88YHZWJZPADM83Q3FGR,sc_01KHCNSJGNTZD6GDHSG4GW495H,variant_01KD937CXW4XH0WG59M76XKKH8
prod_01KD937CSSV41SSQNA2VRZR47G,double-detecteur-de-mouvement-led-12v24v-finition-luxe-chrome-noir,Double Détecteur de Mouvement LED 12V/24V - Finition Luxe (Chrome / Noir),published,http://localhost:9000/static/1766613410862-detecteur-de-mouvement-double-shading-noir.jpg,sc_01K7D6J88YHZWJZPADM83Q3FGR,sc_01KHCNSJGNTZD6GDHSG4GW495H,variant_01KD937CXXB6RT4GBCDE71E54W
prod_01KD93GBSDZDBJMB83CHNFVYAM,detecteur-gestuel-led-sans-contact-12v24v-finition-chrome,"Détecteur Gestuel LED ""Sans Contact"" 12V/24V - Finition Chrome",published,,sc_01K7D6J88YHZWJZPADM83Q3FGR,sc_01KHCNSJGNTZD6GDHSG4GW495H,variant_01KD93GBXGSRQCH6R1XFXGGBBT
prod_01KD93GBSDZDBJMB83CHNFVYAM,detecteur-gestuel-led-sans-contact-12v24v-finition-chrome,"Détecteur Gestuel LED ""Sans Contact"" 12V/24V - Finition Chrome",published,,sc_01K7D6J88YHZWJZPADM83Q3FGR,sc_01KHCNSJGNTZD6GDHSG4GW495H,variant_01KD93GBXGPYAPSY4G59AGH10X
prod_01KD93SC94D4T24K0GZP2G380B,controleur-intelligent-pour-escalier-led-32-canaux-12v24v,Contrôleur Intelligent pour Escalier LED - 32 Canaux (12V/24V),published,http://localhost:9000/static/1766615541710-detecteur-escalier.jpg,sc_01K7D6J88YHZWJZPADM83Q3FGR,sc_01KHCNSJGNTZD6GDHSG4GW495H,variant_01KD93SCDEBHACVTSPG0AYW2F8
prod_01KD93SC94D4T24K0GZP2G380B,controleur-intelligent-pour-escalier-led-32-canaux-12v24v,Contrôleur Intelligent pour Escalier LED - 32 Canaux (12V/24V),published,http://localhost:9000/static/1766615541710-detecteur-escalier.jpg,sc_01K7D6J88YHZWJZPADM83Q3FGR,sc_01KHCNSJGNTZD6GDHSG4GW495H,variant_01KD93SCDFE425VGDKVG0V0PWH
prod_01KDBNX3XTW9V06A5HM8NRJGEN,ampoule-led-a60-filament-6w-ambre-dimmable-lumiere-chaude-vintage,Ampoule LED A60 Filament 6W Ambre - Dimmable (Lumière Chaude Vintage),published,http://localhost:9000/static/1766699437511-A60.jpg,sc_01K7D6J88YHZWJZPADM83Q3FGR,sc_01KHCNSJGNTZD6GDHSG4GW495H,variant_01KDBNX40GF7WS4T5M40GKGSB9
prod_01KDBNX3XTW9V06A5HM8NRJGEN,ampoule-led-a60-filament-6w-ambre-dimmable-lumiere-chaude-vintage,Ampoule LED A60 Filament 6W Ambre - Dimmable (Lumière Chaude Vintage),published,http://localhost:9000/static/1766699437511-A60.jpg,sc_01K7D6J88YHZWJZPADM83Q3FGR,sc_01KHCNSJGNTZD6GDHSG4GW495H,variant_01KDBNX40GSZHS83MTRNZ9H7RS
prod_01KDBP2R7TFD1V7NMSPW9KX5FV,ampoule-led-st64-filament-6w-ambre-style-edison-dimmable,Ampoule LED ST64 Filament 6W Ambre - Style Edison Dimmable,published,http://localhost:9000/static/1766699698434-ST64.jpg,sc_01K7D6J88YHZWJZPADM83Q3FGR,sc_01KHCNSJGNTZD6GDHSG4GW495H,variant_01KDBP2R93PXQXP3S0S9D5DCR4
prod_01KDBP2R7TFD1V7NMSPW9KX5FV,ampoule-led-st64-filament-6w-ambre-style-edison-dimmable,Ampoule LED ST64 Filament 6W Ambre - Style Edison Dimmable,published,http://localhost:9000/static/1766699698434-ST64.jpg,sc_01K7D6J88YHZWJZPADM83Q3FGR,sc_01KHCNSJGNTZD6GDHSG4GW495H,variant_01KDBP2R94C411SSRPYXQXP6QP
prod_01KDBP966CJSSW5JEA6RET76PZ,ampoule-led-g95-globe-filament-4w-ambre-e27,Ampoule LED G95 Globe Filament 4W Ambre - E27,published,http://localhost:9000/static/1766699492212-G95.jpg,sc_01K7D6J88YHZWJZPADM83Q3FGR,sc_01KHCNSJGNTZD6GDHSG4GW495H,variant_01KDBP967MZYY26TWBJMD20VD0
prod_01KDBP966CJSSW5JEA6RET76PZ,ampoule-led-g95-globe-filament-4w-ambre-e27,Ampoule LED G95 Globe Filament 4W Ambre - E27,published,http://localhost:9000/static/1766699492212-G95.jpg,sc_01K7D6J88YHZWJZPADM83Q3FGR,sc_01KHCNSJGNTZD6GDHSG4GW495H,variant_01KDBP967MHAX4NW17CV95R233
prod_01KDBPFAA8M6R5QCXMFJ4FC5KM,ampoule-led-tube-t30-225mm-filament-4w-ambre-dimmable,Ampoule LED Tube T30-225mm Filament 4W Ambre - Dimmable,published,http://localhost:9000/static/1766699510016-T30.jpg,sc_01K7D6J88YHZWJZPADM83Q3FGR,sc_01KHCNSJGNTZD6GDHSG4GW495H,variant_01KDBPFABRTAQCD3CZ7YA7FV1X
prod_01KDBPFAA8M6R5QCXMFJ4FC5KM,ampoule-led-tube-t30-225mm-filament-4w-ambre-dimmable,Ampoule LED Tube T30-225mm Filament 4W Ambre - Dimmable,published,http://localhost:9000/static/1766699510016-T30.jpg,sc_01K7D6J88YHZWJZPADM83Q3FGR,sc_01KHCNSJGNTZD6GDHSG4GW495H,variant_01KDBPFABRGQRC54HTVTQSMZNS
prod_01KDEHT2EV559QYAGT3M0H4M06,profile-aluminium-led-apparent-10x10-mm-ultra-slim,Profilé Aluminium LED Apparent 10x10 mm – Ultra Slim,published,http://localhost:9000/static/1766958950064-profile-10_10-APP.jpg,sc_01K7D6J88YHZWJZPADM83Q3FGR,sc_01KHCNSJGNTZD6GDHSG4GW495H,variant_01KDEHT2M7V7FJWGN49D1MZJGN
prod_01KDEHT2EV559QYAGT3M0H4M06,profile-aluminium-led-apparent-10x10-mm-ultra-slim,Profilé Aluminium LED Apparent 10x10 mm – Ultra Slim,published,http://localhost:9000/static/1766958950064-profile-10_10-APP.jpg,sc_01K7D6J88YHZWJZPADM83Q3FGR,sc_01KHCNSJGNTZD6GDHSG4GW495H,variant_01KDEHT2M9A23C6MKDRE3X49MX
prod_01KDEHZYZZ7YD34W9HZ9Z4J1TX,profile-aluminium-led-encastrable-slim-156x10-mm,Profilé Aluminium LED Encastrable Slim 15.6x10 mm,published,http://localhost:9000/static/1766958979568-profile-10_10-enc.jpg,sc_01K7D6J88YHZWJZPADM83Q3FGR,sc_01KHCNSJGNTZD6GDHSG4GW495H,variant_01KDEHZZ6683FABNV2SH0C9EVG
prod_01KDEHZYZZ7YD34W9HZ9Z4J1TX,profile-aluminium-led-encastrable-slim-156x10-mm,Profilé Aluminium LED Encastrable Slim 15.6x10 mm,published,http://localhost:9000/static/1766958979568-profile-10_10-enc.jpg,sc_01K7D6J88YHZWJZPADM83Q3FGR,sc_01KHCNSJGNTZD6GDHSG4GW495H,variant_01KDEHZZ67676R576CGTE1QAEC
prod_01KDEJBCZKFP5JC3XQKYP4PCMN,profile-aluminium-led-apparent-20x1969-mm-large-square,Profilé Aluminium LED Apparent  20x19.69 mm Large Square,published,http://localhost:9000/static/1766956372719-profile-20_20-APP.jpg,sc_01K7D6J88YHZWJZPADM83Q3FGR,sc_01KHCNSJGNTZD6GDHSG4GW495H,variant_01KDEJBD587JPMZ0NH3X733EQG
prod_01KDEJBCZKFP5JC3XQKYP4PCMN,profile-aluminium-led-apparent-20x1969-mm-large-square,Profilé Aluminium LED Apparent  20x19.69 mm Large Square,published,http://localhost:9000/static/1766956372719-profile-20_20-APP.jpg,sc_01K7D6J88YHZWJZPADM83Q3FGR,sc_01KHCNSJGNTZD6GDHSG4GW495H,variant_01KDEJBD5A5J3YXSM128CNZ018
prod_01KDEJBCZKFP5JC3XQKYP4PCMN,profile-aluminium-led-apparent-20x1969-mm-large-square,Profilé Aluminium LED Apparent  20x19.69 mm Large Square,published,http://localhost:9000/static/1766956372719-profile-20_20-APP.jpg,sc_01K7D6J88YHZWJZPADM83Q3FGR,sc_01KHCNSJGNTZD6GDHSG4GW495H,variant_01KDEJBD5AF28X1XTX6XJVX3MY
prod_01KDEJBCZKFP5JC3XQKYP4PCMN,profile-aluminium-led-apparent-20x1969-mm-large-square,Profilé Aluminium LED Apparent  20x19.69 mm Large Square,published,http://localhost:9000/static/1766956372719-profile-20_20-APP.jpg,sc_01K7D6J88YHZWJZPADM83Q3FGR,sc_01KHCNSJGNTZD6GDHSG4GW495H,variant_01KDEJBD5B2QPA1BRK0Q71FQ6R
prod_01KDEJM58TF69M9JDEDZKQSNH4,profile-aluminium-led-encastrable-2756x1969-mm-grand-format,Profilé Aluminium LED Encastrable 27.56x19.69 mm Grand Format,published,http://localhost:9000/static/1766956748710-profile-20_20-ENC.jpg,sc_01K7D6J88YHZWJZPADM83Q3FGR,sc_01KHCNSJGNTZD6GDHSG4GW495H,variant_01KDEJM5ENPV5XXB7SHC9BDPAA
prod_01KDEJM58TF69M9JDEDZKQSNH4,profile-aluminium-led-encastrable-2756x1969-mm-grand-format,Profilé Aluminium LED Encastrable 27.56x19.69 mm Grand Format,published,http://localhost:9000/static/1766956748710-profile-20_20-ENC.jpg,sc_01K7D6J88YHZWJZPADM83Q3FGR,sc_01KHCNSJGNTZD6GDHSG4GW495H,variant_01KDEJM5EPT6W0CZG4NQSBE1X7
prod_01KDEJM58TF69M9JDEDZKQSNH4,profile-aluminium-led-encastrable-2756x1969-mm-grand-format,Profilé Aluminium LED Encastrable 27.56x19.69 mm Grand Format,published,http://localhost:9000/static/1766956748710-profile-20_20-ENC.jpg,sc_01K7D6J88YHZWJZPADM83Q3FGR,sc_01KHCNSJGNTZD6GDHSG4GW495H,variant_01KDEJM5EQRBHPZ3ZAJCYP6C8B
prod_01KDEJM58TF69M9JDEDZKQSNH4,profile-aluminium-led-encastrable-2756x1969-mm-grand-format,Profilé Aluminium LED Encastrable 27.56x19.69 mm Grand Format,published,http://localhost:9000/static/1766956748710-profile-20_20-ENC.jpg,sc_01K7D6J88YHZWJZPADM83Q3FGR,sc_01KHCNSJGNTZD6GDHSG4GW495H,variant_01KDEJM5ERJYTPDSDTZ4PZ0JRC
prod_01KDEK4STY85MCXFZC0FCE9S4C,profile-aluminium-led-apparent-3031x199-mm-extra-large,Profilé Aluminium LED Apparent 30.31x19.9 mm Extra-Large,published,http://localhost:9000/static/1766957955615-profile-30_20-APP.jpg,sc_01K7D6J88YHZWJZPADM83Q3FGR,sc_01KHCNSJGNTZD6GDHSG4GW495H,variant_01KDEK4SXQF8592TS0DRKGJMPD
prod_01KDEK4STY85MCXFZC0FCE9S4C,profile-aluminium-led-apparent-3031x199-mm-extra-large,Profilé Aluminium LED Apparent 30.31x19.9 mm Extra-Large,published,http://localhost:9000/static/1766957955615-profile-30_20-APP.jpg,sc_01K7D6J88YHZWJZPADM83Q3FGR,sc_01KHCNSJGNTZD6GDHSG4GW495H,variant_01KDEK4SXRC38HTG08XZ94JXM1
prod_01KDEK4STY85MCXFZC0FCE9S4C,profile-aluminium-led-apparent-3031x199-mm-extra-large,Profilé Aluminium LED Apparent 30.31x19.9 mm Extra-Large,published,http://localhost:9000/static/1766957955615-profile-30_20-APP.jpg,sc_01K7D6J88YHZWJZPADM83Q3FGR,sc_01KHCNSJGNTZD6GDHSG4GW495H,variant_01KDEK4SXRDWD7WXVK6F3AMNHC
prod_01KDEK4STY85MCXFZC0FCE9S4C,profile-aluminium-led-apparent-3031x199-mm-extra-large,Profilé Aluminium LED Apparent 30.31x19.9 mm Extra-Large,published,http://localhost:9000/static/1766957955615-profile-30_20-APP.jpg,sc_01K7D6J88YHZWJZPADM83Q3FGR,sc_01KHCNSJGNTZD6GDHSG4GW495H,variant_01KDEK4SXRYE8P0C88RCA1897S
prod_01KDEKCJFS0MWHN6392DRC0E0V,profile-aluminium-led-encastrable-43x199-mm-master-architect,Profilé Aluminium LED Encastrable 43x19.9 mm  Master Architect,published,http://localhost:9000/static/1766958003744-profile-30_20-ENC.jpg,sc_01K7D6J88YHZWJZPADM83Q3FGR,sc_01KHCNSJGNTZD6GDHSG4GW495H,variant_01KDEKCJHWQNA040T9T1PM3MX9
prod_01KDEKCJFS0MWHN6392DRC0E0V,profile-aluminium-led-encastrable-43x199-mm-master-architect,Profilé Aluminium LED Encastrable 43x19.9 mm  Master Architect,published,http://localhost:9000/static/1766958003744-profile-30_20-ENC.jpg,sc_01K7D6J88YHZWJZPADM83Q3FGR,sc_01KHCNSJGNTZD6GDHSG4GW495H,variant_01KDEKCJHWA8YTKG6YE0X3KWZB
prod_01KDEKCJFS0MWHN6392DRC0E0V,profile-aluminium-led-encastrable-43x199-mm-master-architect,Profilé Aluminium LED Encastrable 43x19.9 mm  Master Architect,published,http://localhost:9000/static/1766958003744-profile-30_20-ENC.jpg,sc_01K7D6J88YHZWJZPADM83Q3FGR,sc_01KHCNSJGNTZD6GDHSG4GW495H,variant_01KDEKCJHW2RX1NAKBM2HJG6ZE
prod_01KDEKCJFS0MWHN6392DRC0E0V,profile-aluminium-led-encastrable-43x199-mm-master-architect,Profilé Aluminium LED Encastrable 43x19.9 mm  Master Architect,published,http://localhost:9000/static/1766958003744-profile-30_20-ENC.jpg,sc_01K7D6J88YHZWJZPADM83Q3FGR,sc_01KHCNSJGNTZD6GDHSG4GW495H,variant_01KDEKCJHWYYKDYF8TQ1PD4HT8
prod_01KDRK52JH5FTZ5EFF3NGY0SPQ,ruban-led-smd-2835-120-ledm-12v-rouleau-de-5m,Ruban LED SMD 2835 – 120 LED/m – 12V (Rouleau de 5m),published,http://localhost:9000/static/1767304659855-ruban-led-ip20-3000k.jpg,sc_01K7D6J88YHZWJZPADM83Q3FGR,sc_01KHCNSJGNTZD6GDHSG4GW495H,variant_01KDRK52NP6FWY0E4CN5206Y29
prod_01KDRK52JH5FTZ5EFF3NGY0SPQ,ruban-led-smd-2835-120-ledm-12v-rouleau-de-5m,Ruban LED SMD 2835 – 120 LED/m – 12V (Rouleau de 5m),published,http://localhost:9000/static/1767304659855-ruban-led-ip20-3000k.jpg,sc_01K7D6J88YHZWJZPADM83Q3FGR,sc_01KHCNSJGNTZD6GDHSG4GW495H,variant_01KDRK52NPEF6H4TW5GT23H4MK
prod_01KDRK52JH5FTZ5EFF3NGY0SPQ,ruban-led-smd-2835-120-ledm-12v-rouleau-de-5m,Ruban LED SMD 2835 – 120 LED/m – 12V (Rouleau de 5m),published,http://localhost:9000/static/1767304659855-ruban-led-ip20-3000k.jpg,sc_01K7D6J88YHZWJZPADM83Q3FGR,sc_01KHCNSJGNTZD6GDHSG4GW495H,variant_01KDRK52NQ3XVCR6EGRKRPD14M
prod_01KDRKF6PH8SRM49KXWSGHM6KQ,ruban-led-smd-2835-etanche-120-ledm-12v-ip67-5m,Ruban LED SMD 2835 Étanche – 120 LED/m – 12V – IP67 (5m),published,http://localhost:9000/static/1767304970092-ruban-led-ip67.jpg,sc_01K7D6J88YHZWJZPADM83Q3FGR,sc_01KHCNSJGNTZD6GDHSG4GW495H,variant_01KDRKF6RENM591WAXQG1E1QXJ
prod_01KDRKF6PH8SRM49KXWSGHM6KQ,ruban-led-smd-2835-etanche-120-ledm-12v-ip67-5m,Ruban LED SMD 2835 Étanche – 120 LED/m – 12V – IP67 (5m),published,http://localhost:9000/static/1767304970092-ruban-led-ip67.jpg,sc_01K7D6J88YHZWJZPADM83Q3FGR,sc_01KHCNSJGNTZD6GDHSG4GW495H,variant_01KDRKF6RF1YR1M5Y4W3M6ZZWS
prod_01KDRKF6PH8SRM49KXWSGHM6KQ,ruban-led-smd-2835-etanche-120-ledm-12v-ip67-5m,Ruban LED SMD 2835 Étanche – 120 LED/m – 12V – IP67 (5m),published,http://localhost:9000/static/1767304970092-ruban-led-ip67.jpg,sc_01K7D6J88YHZWJZPADM83Q3FGR,sc_01KHCNSJGNTZD6GDHSG4GW495H,variant_01KDRKF6RG5YJ3EK0F8DYW1FSG
prod_01KDRM18BA5GMGGX0N14PV7VHE,ruban-led-cob-12v-flux-lumineux-continue-5m,Ruban LED COB – 12V – Flux Lumineux Continue (5m),published,http://localhost:9000/static/1767305276344-cob-12v.jpg,sc_01K7D6J88YHZWJZPADM83Q3FGR,sc_01KHCNSJGNTZD6GDHSG4GW495H,variant_01KDRM18F6MJWRNMBCPBWH7YBG
prod_01KDRM18BA5GMGGX0N14PV7VHE,ruban-led-cob-12v-flux-lumineux-continue-5m,Ruban LED COB – 12V – Flux Lumineux Continue (5m),published,http://localhost:9000/static/1767305276344-cob-12v.jpg,sc_01K7D6J88YHZWJZPADM83Q3FGR,sc_01KHCNSJGNTZD6GDHSG4GW495H,variant_01KDRM18F6W1F99VN0H8WX1W16
prod_01KDRM18BA5GMGGX0N14PV7VHE,ruban-led-cob-12v-flux-lumineux-continue-5m,Ruban LED COB – 12V – Flux Lumineux Continue (5m),published,http://localhost:9000/static/1767305276344-cob-12v.jpg,sc_01K7D6J88YHZWJZPADM83Q3FGR,sc_01KHCNSJGNTZD6GDHSG4GW495H,variant_01KDRM18F61E7GD4VMTT6NEKTK
prod_01KDRMCZSR3BZWXW05CSPT5DJF,ruban-led-cob-ultra-slim-5mm-12v-flux-continu-5m,Ruban LED COB Ultra-Slim 5mm – 12V – Flux Continu (5m),published,http://localhost:9000/static/1767306542767-cob-5mm.jpg,sc_01K7D6J88YHZWJZPADM83Q3FGR,sc_01KHCNSJGNTZD6GDHSG4GW495H,variant_01KDRMCZWHRBC046CJP08DG1Z4
prod_01KDRMCZSR3BZWXW05CSPT5DJF,ruban-led-cob-ultra-slim-5mm-12v-flux-continu-5m,Ruban LED COB Ultra-Slim 5mm – 12V – Flux Continu (5m),published,http://localhost:9000/static/1767306542767-cob-5mm.jpg,sc_01K7D6J88YHZWJZPADM83Q3FGR,sc_01KHCNSJGNTZD6GDHSG4GW495H,variant_01KDRMCZWJ4NNHYESVZPM2BE06
prod_01KDRMCZSR3BZWXW05CSPT5DJF,ruban-led-cob-ultra-slim-5mm-12v-flux-continu-5m,Ruban LED COB Ultra-Slim 5mm – 12V – Flux Continu (5m),published,http://localhost:9000/static/1767306542767-cob-5mm.jpg,sc_01K7D6J88YHZWJZPADM83Q3FGR,sc_01KHCNSJGNTZD6GDHSG4GW495H,variant_01KDRMCZWHWGYNT538V23DJAMF
prod_01KDRMQKY1A7KE9NE7M4WZ5YEQ,ruban-led-rgb-multi-couleurs-smd-5050-60-ledm-5m-12v,Ruban LED RGB Multi-couleurs – SMD 5050 – 60 LED/m (5m) 12v,published,http://localhost:9000/static/1767305427549-ruban-rgb.jpg,sc_01K7D6J88YHZWJZPADM83Q3FGR,sc_01KHCNSJGNTZD6GDHSG4GW495H,variant_01KDRMQKZKFJQ2DBSMHV716G4H
prod_01KDRMQKY1A7KE9NE7M4WZ5YEQ,ruban-led-rgb-multi-couleurs-smd-5050-60-ledm-5m-12v,Ruban LED RGB Multi-couleurs – SMD 5050 – 60 LED/m (5m) 12v,published,http://localhost:9000/static/1767305427549-ruban-rgb.jpg,sc_01K7D6J88YHZWJZPADM83Q3FGR,sc_01KHCNSJGNTZD6GDHSG4GW495H,variant_01KDRMQKZKEJPQRA0K8YA9B9RE
prod_01KDRMZXTEQT84XSQDYTGN1RVE,ruban-led-smd-2835-120-ledm-24v-rouleau-de-10-metres,Ruban LED SMD 2835 – 120 LED/m – 24V (Rouleau de 10 Mètres),published,http://localhost:9000/static/1767305606095-ruban-4000k-10m.jpg,sc_01K7D6J88YHZWJZPADM83Q3FGR,sc_01KHCNSJGNTZD6GDHSG4GW495H,variant_01KDRMZXW051YJEFJN7JTSFGC6
prod_01KDRMZXTEQT84XSQDYTGN1RVE,ruban-led-smd-2835-120-ledm-24v-rouleau-de-10-metres,Ruban LED SMD 2835 – 120 LED/m – 24V (Rouleau de 10 Mètres),published,http://localhost:9000/static/1767305606095-ruban-4000k-10m.jpg,sc_01K7D6J88YHZWJZPADM83Q3FGR,sc_01KHCNSJGNTZD6GDHSG4GW495H,variant_01KDRMZXW0TKTWXS4D5VC4XVCE
prod_01KDRMZXTEQT84XSQDYTGN1RVE,ruban-led-smd-2835-120-ledm-24v-rouleau-de-10-metres,Ruban LED SMD 2835 – 120 LED/m – 24V (Rouleau de 10 Mètres),published,http://localhost:9000/static/1767305606095-ruban-4000k-10m.jpg,sc_01K7D6J88YHZWJZPADM83Q3FGR,sc_01KHCNSJGNTZD6GDHSG4GW495H,variant_01KDRMZXW0M9X0MATM1HRCPENT
prod_01KDRN8YCMV7R8321N0JBY8KCQ,ruban-led-smd-2835-120-ledm-24v-ip67-etanche-rouleau-de-10-metres,Ruban LED SMD 2835  – 120 LED/m – 24V IP67    Étanche (Rouleau de 10 Mètres),published,http://localhost:9000/static/1767305760529-ruban-ip67-10m(1).jpg,sc_01K7D6J88YHZWJZPADM83Q3FGR,sc_01KHCNSJGNTZD6GDHSG4GW495H,variant_01KDRN8YE7DK71F3SXP8HA84K1
prod_01KDRN8YCMV7R8321N0JBY8KCQ,ruban-led-smd-2835-120-ledm-24v-ip67-etanche-rouleau-de-10-metres,Ruban LED SMD 2835  – 120 LED/m – 24V IP67    Étanche (Rouleau de 10 Mètres),published,http://localhost:9000/static/1767305760529-ruban-ip67-10m(1).jpg,sc_01K7D6J88YHZWJZPADM83Q3FGR,sc_01KHCNSJGNTZD6GDHSG4GW495H,variant_01KDRN8YE7MZ7QSY7BD4PKSE88
prod_01KDRN8YCMV7R8321N0JBY8KCQ,ruban-led-smd-2835-120-ledm-24v-ip67-etanche-rouleau-de-10-metres,Ruban LED SMD 2835  – 120 LED/m – 24V IP67    Étanche (Rouleau de 10 Mètres),published,http://localhost:9000/static/1767305760529-ruban-ip67-10m(1).jpg,sc_01K7D6J88YHZWJZPADM83Q3FGR,sc_01KHCNSJGNTZD6GDHSG4GW495H,variant_01KDRN8YE7JW45HATMTPVMPZDH
prod_01KDRNG5VVGRBQF0VEVYYY6X0H,ruban-led-cob-haute-densite-24v-10-metres-ip20,Ruban LED COB Haute Densité – 24V – 10 Mètres – IP20,published,http://localhost:9000/static/1767305916426-ruban-cov-10m.jpg,sc_01K7D6J88YHZWJZPADM83Q3FGR,sc_01KHCNSJGNTZD6GDHSG4GW495H,variant_01KDRNG5YVDHFNXZ7RMYSZXEF3
prod_01KDRNG5VVGRBQF0VEVYYY6X0H,ruban-led-cob-haute-densite-24v-10-metres-ip20,Ruban LED COB Haute Densité – 24V – 10 Mètres – IP20,published,http://localhost:9000/static/1767305916426-ruban-cov-10m.jpg,sc_01K7D6J88YHZWJZPADM83Q3FGR,sc_01KHCNSJGNTZD6GDHSG4GW495H,variant_01KDRNG5YWKD46KCCPV9QVZ3HJ
prod_01KDRNG5VVGRBQF0VEVYYY6X0H,ruban-led-cob-haute-densite-24v-10-metres-ip20,Ruban LED COB Haute Densité – 24V – 10 Mètres – IP20,published,http://localhost:9000/static/1767305916426-ruban-cov-10m.jpg,sc_01K7D6J88YHZWJZPADM83Q3FGR,sc_01KHCNSJGNTZD6GDHSG4GW495H,variant_01KDRNG5YW1NQJ817KJCA2D9VH
prod_01KDRNVG69X7GM9CD52MRSEYWV,ruban-led-cob-etanche-24v-10-metres-ip67,Ruban LED COB Étanche – 24V – 10 Mètres – IP67,published,http://localhost:9000/static/1767306375567-cob-12v.jpg,sc_01K7D6J88YHZWJZPADM83Q3FGR,sc_01KHCNSJGNTZD6GDHSG4GW495H,variant_01KDRNVG7Y72HBAEG0JBTHM7W4
prod_01KDRNVG69X7GM9CD52MRSEYWV,ruban-led-cob-etanche-24v-10-metres-ip67,Ruban LED COB Étanche – 24V – 10 Mètres – IP67,published,http://localhost:9000/static/1767306375567-cob-12v.jpg,sc_01K7D6J88YHZWJZPADM83Q3FGR,sc_01KHCNSJGNTZD6GDHSG4GW495H,variant_01KDRNVG7ZD3HZZ1N5F87PMG26
prod_01KDRNVG69X7GM9CD52MRSEYWV,ruban-led-cob-etanche-24v-10-metres-ip67,Ruban LED COB Étanche – 24V – 10 Mètres – IP67,published,http://localhost:9000/static/1767306375567-cob-12v.jpg,sc_01K7D6J88YHZWJZPADM83Q3FGR,sc_01KHCNSJGNTZD6GDHSG4GW495H,variant_01KDRNVG7Z95DHBV5G4AZJVJ9X
prod_01KDRP5W0CHK94P07MV04PT03N,ruban-led-cob-submersible-24v-10-metres-ip68,Ruban LED COB Submersible – 24V – 10 Mètres – IP68,published,http://localhost:9000/static/1767306147348-ruban-cov-10m.jpg,sc_01K7D6J88YHZWJZPADM83Q3FGR,sc_01KHCNSJGNTZD6GDHSG4GW495H,variant_01KDRP5W1TY2W9XK05ASWWAZ2C
prod_01KDRP5W0CHK94P07MV04PT03N,ruban-led-cob-submersible-24v-10-metres-ip68,Ruban LED COB Submersible – 24V – 10 Mètres – IP68,published,http://localhost:9000/static/1767306147348-ruban-cov-10m.jpg,sc_01K7D6J88YHZWJZPADM83Q3FGR,sc_01KHCNSJGNTZD6GDHSG4GW495H,variant_01KDRP5W1TY653BASZ1YFND3ZC
prod_01KDRP5W0CHK94P07MV04PT03N,ruban-led-cob-submersible-24v-10-metres-ip68,Ruban LED COB Submersible – 24V – 10 Mètres – IP68,published,http://localhost:9000/static/1767306147348-ruban-cov-10m.jpg,sc_01K7D6J88YHZWJZPADM83Q3FGR,sc_01KHCNSJGNTZD6GDHSG4GW495H,variant_01KDRP5W1T2YGRF22ZJC2CNJE6
prod_01KDRPCZ1246YHEBFEJD7WAECX,ruban-led-rgbw-4-en-1-24v-10-metres,Ruban LED RGBW (4-en-1) – 24V – 10 Mètres,published,http://localhost:9000/static/1767306336872-ruban-rgbw.jpg,sc_01K7D6J88YHZWJZPADM83Q3FGR,sc_01KHCNSJGNTZD6GDHSG4GW495H,variant_01KDRPCZ3VSXDDC6K4DRTZXE04
prod_01KDRPCZ1246YHEBFEJD7WAECX,ruban-led-rgbw-4-en-1-24v-10-metres,Ruban LED RGBW (4-en-1) – 24V – 10 Mètres,published,http://localhost:9000/static/1767306336872-ruban-rgbw.jpg,sc_01K7D6J88YHZWJZPADM83Q3FGR,sc_01KHCNSJGNTZD6GDHSG4GW495H,variant_01KDRPCZ3VS2S2908ZJQ4DN36A
prod_01KDRPMEGP04G7PSFSDV9E77PE,ruban-led-rgbw-4-en-1-architectural-24v-20-metres-ip68,Ruban LED RGBW (4-en-1) Architectural – 24V – 20 Mètres – IP68,published,http://localhost:9000/static/1767305469479-ruban-rgb-ip68.jpg,sc_01K7D6J88YHZWJZPADM83Q3FGR,sc_01KHCNSJGNTZD6GDHSG4GW495H,variant_01KDRPMEK72B51PPQCEVJM54P9
prod_01KDRPMEGP04G7PSFSDV9E77PE,ruban-led-rgbw-4-en-1-architectural-24v-20-metres-ip68,Ruban LED RGBW (4-en-1) Architectural – 24V – 20 Mètres – IP68,published,http://localhost:9000/static/1767305469479-ruban-rgb-ip68.jpg,sc_01K7D6J88YHZWJZPADM83Q3FGR,sc_01KHCNSJGNTZD6GDHSG4GW495H,variant_01KDRPMEK7M6QMS94HDM39NEQ4
prod_01KDRQ0DXY5ZXFWNRWCBZEA16S,ruban-led-magic-ws2811-24v-10-metres-ip20-digital-adressable,Ruban LED Magic  WS2811 – 24V – 10 Mètres IP20  Digital (Adressable),published,http://localhost:9000/static/1767306869969-ruban%20magic%20.jpg,sc_01K7D6J88YHZWJZPADM83Q3FGR,sc_01KHCNSJGNTZD6GDHSG4GW495H,variant_01KDRQ0E07TMGKPPN1QCM28MB4
prod_01KDRQ0DXY5ZXFWNRWCBZEA16S,ruban-led-magic-ws2811-24v-10-metres-ip20-digital-adressable,Ruban LED Magic  WS2811 – 24V – 10 Mètres IP20  Digital (Adressable),published,http://localhost:9000/static/1767306869969-ruban%20magic%20.jpg,sc_01K7D6J88YHZWJZPADM83Q3FGR,sc_01KHCNSJGNTZD6GDHSG4GW495H,variant_01KDRQ0E087MQVZZD6E0QHQ9G0
prod_01KDRQ0DXY5ZXFWNRWCBZEA16S,ruban-led-magic-ws2811-24v-10-metres-ip20-digital-adressable,Ruban LED Magic  WS2811 – 24V – 10 Mètres IP20  Digital (Adressable),published,http://localhost:9000/static/1767306869969-ruban%20magic%20.jpg,sc_01K7D6J88YHZWJZPADM83Q3FGR,sc_01KHCNSJGNTZD6GDHSG4GW495H,variant_01KDRQ0E08WDAT2CRVEWG458J3
prod_01KDRQ83GA7RM1TRFR4Y2T1W8V,ruban-led-magic-digital-adressable-ws2811-12v-5-metres,Ruban LED Magic Digital (Adressable) WS2811 – 12V – 5 Mètres,published,http://localhost:9000/static/1767307117011-ruban%20magic%20.jpg,sc_01K7D6J88YHZWJZPADM83Q3FGR,sc_01KHCNSJGNTZD6GDHSG4GW495H,variant_01KDRQ83JZ2RFGQE3NTJBMXD8G
prod_01KDRQ83GA7RM1TRFR4Y2T1W8V,ruban-led-magic-digital-adressable-ws2811-12v-5-metres,Ruban LED Magic Digital (Adressable) WS2811 – 12V – 5 Mètres,published,http://localhost:9000/static/1767307117011-ruban%20magic%20.jpg,sc_01K7D6J88YHZWJZPADM83Q3FGR,sc_01KHCNSJGNTZD6GDHSG4GW495H,variant_01KDRQ83K1BZ2D7HSS70109GA0
prod_01KDRQ83GA7RM1TRFR4Y2T1W8V,ruban-led-magic-digital-adressable-ws2811-12v-5-metres,Ruban LED Magic Digital (Adressable) WS2811 – 12V – 5 Mètres,published,http://localhost:9000/static/1767307117011-ruban%20magic%20.jpg,sc_01K7D6J88YHZWJZPADM83Q3FGR,sc_01KHCNSJGNTZD6GDHSG4GW495H,variant_01KDRQ83K1AVSBRFYAC8T6GQ5K
prod_01KDRQGW867RMRCPXEFYN8V37W,ruban-led-magic-rgb-adressable-ws2811-20-metres-ip68,Ruban LED Magic RGB Adressable (WS2811) – 20 Mètres – IP68,published,http://localhost:9000/static/1767307254244-magic-ip.jpg,sc_01K7D6J88YHZWJZPADM83Q3FGR,sc_01KHCNSJGNTZD6GDHSG4GW495H,variant_01KDRQGWB09NJXZNC4BV56FJ5G
prod_01KDRQGW867RMRCPXEFYN8V37W,ruban-led-magic-rgb-adressable-ws2811-20-metres-ip68,Ruban LED Magic RGB Adressable (WS2811) – 20 Mètres – IP68,published,http://localhost:9000/static/1767307254244-magic-ip.jpg,sc_01K7D6J88YHZWJZPADM83Q3FGR,sc_01KHCNSJGNTZD6GDHSG4GW495H,variant_01KDRQGWB0G5M8B4DGV9V62V8W
prod_01KDRQGW867RMRCPXEFYN8V37W,ruban-led-magic-rgb-adressable-ws2811-20-metres-ip68,Ruban LED Magic RGB Adressable (WS2811) – 20 Mètres – IP68,published,http://localhost:9000/static/1767307254244-magic-ip.jpg,sc_01K7D6J88YHZWJZPADM83Q3FGR,sc_01KHCNSJGNTZD6GDHSG4GW495H,variant_01KDRQGWB1CWAACGC9XRRYNP0A
prod_01KDRQT2GQ0NXDPBN4BWV85EDA,ruban-led-cob-haute-tension-220v-direct-secteur,Ruban LED COB Haute Tension 220V – Direct Secteur,published,http://localhost:9000/static/1767307743284-ruban-220v.jpg,sc_01K7D6J88YHZWJZPADM83Q3FGR,sc_01KHCNSJGNTZD6GDHSG4GW495H,variant_01KDRQT2J9SC8HH9S97CGHASZ5
prod_01KDRQT2GQ0NXDPBN4BWV85EDA,ruban-led-cob-haute-tension-220v-direct-secteur,Ruban LED COB Haute Tension 220V – Direct Secteur,published,http://localhost:9000/static/1767307743284-ruban-220v.jpg,sc_01K7D6J88YHZWJZPADM83Q3FGR,sc_01KHCNSJGNTZD6GDHSG4GW495H,variant_01KDRQT2J9RSGTYRN9J29YY53D
prod_01KDRQT2GQ0NXDPBN4BWV85EDA,ruban-led-cob-haute-tension-220v-direct-secteur,Ruban LED COB Haute Tension 220V – Direct Secteur,published,http://localhost:9000/static/1767307743284-ruban-220v.jpg,sc_01K7D6J88YHZWJZPADM83Q3FGR,sc_01KHCNSJGNTZD6GDHSG4GW495H,variant_01KDRQT2J9D0T06254QZK36BNP
prod_01KDWW980BF82RVB9S3ZFW5M0T,alimentation-led-30w-etanche-ip67,Alimentation LED 30W Étanche - IP67,published,http://localhost:9000/static/1767282142011-30w-ip67.jpg,sc_01K7D6J88YHZWJZPADM83Q3FGR,sc_01KHCNSJGNTZD6GDHSG4GW495H,variant_01KDWW9857R57GC1B7B1C7XV7H
prod_01KDWW980BF82RVB9S3ZFW5M0T,alimentation-led-30w-etanche-ip67,Alimentation LED 30W Étanche - IP67,published,http://localhost:9000/static/1767282142011-30w-ip67.jpg,sc_01K7D6J88YHZWJZPADM83Q3FGR,sc_01KHCNSJGNTZD6GDHSG4GW495H,variant_01KDWW9858YED7QHNW709QF724
prod_01KDWWCTS5DHVC5K3SF953W5FV,alimentation-led-60w-etanche-ip67,Alimentation LED 60W Étanche - IP67,published,http://localhost:9000/static/1767306297862-60w-ip67.jpg,sc_01K7D6J88YHZWJZPADM83Q3FGR,sc_01KHCNSJGNTZD6GDHSG4GW495H,variant_01KDWWCTXBPP61GD52DG9CTX22
prod_01KDWWCTS5DHVC5K3SF953W5FV,alimentation-led-60w-etanche-ip67,Alimentation LED 60W Étanche - IP67,published,http://localhost:9000/static/1767306297862-60w-ip67.jpg,sc_01K7D6J88YHZWJZPADM83Q3FGR,sc_01KHCNSJGNTZD6GDHSG4GW495H,variant_01KDWWCTXCXQXW0TZWQPXN8VHD
prod_01KDWWRMPWTAFMTPAYR45FKFV0,alimentation-led-100w-etanche-ip67,Alimentation LED 100W Étanche - IP67,published,http://localhost:9000/static/1767282175560-100w-ip67.jpg,sc_01K7D6J88YHZWJZPADM83Q3FGR,sc_01KHCNSJGNTZD6GDHSG4GW495H,variant_01KDWWRMTPM9656WD3G0JHKVDP
prod_01KDWWRMPWTAFMTPAYR45FKFV0,alimentation-led-100w-etanche-ip67,Alimentation LED 100W Étanche - IP67,published,http://localhost:9000/static/1767282175560-100w-ip67.jpg,sc_01K7D6J88YHZWJZPADM83Q3FGR,sc_01KHCNSJGNTZD6GDHSG4GW495H,variant_01KDWWRMTQEXGWCK3N18XHSHYX
prod_01KDWX7VRSJPF0668EMGMSJ489,alimentation-led-200w-etanche-ip67,Alimentation LED 200W Étanche - IP67,published,http://localhost:9000/static/1767282199162-200w-ip67.jpg,sc_01K7D6J88YHZWJZPADM83Q3FGR,sc_01KHCNSJGNTZD6GDHSG4GW495H,variant_01KDWX7W1FF5RVVTR12D4F9DPN
prod_01KDWX7VRSJPF0668EMGMSJ489,alimentation-led-200w-etanche-ip67,Alimentation LED 200W Étanche - IP67,published,http://localhost:9000/static/1767282199162-200w-ip67.jpg,sc_01K7D6J88YHZWJZPADM83Q3FGR,sc_01KHCNSJGNTZD6GDHSG4GW495H,variant_01KDWX7W1H99C06T68DA3B9ZGR
prod_01KDWXEY46AC5S25H3KFET5J2H,alimentation-led-400w-etanche-ip67,Alimentation LED 400W Étanche - IP67,published,http://localhost:9000/static/1767282209979-400w-ip67.jpg,sc_01K7D6J88YHZWJZPADM83Q3FGR,sc_01KHCNSJGNTZD6GDHSG4GW495H,variant_01KDWXEYAVV7D40KVJT56TJC5W
prod_01KDWXEY46AC5S25H3KFET5J2H,alimentation-led-400w-etanche-ip67,Alimentation LED 400W Étanche - IP67,published,http://localhost:9000/static/1767282209979-400w-ip67.jpg,sc_01K7D6J88YHZWJZPADM83Q3FGR,sc_01KHCNSJGNTZD6GDHSG4GW495H,variant_01KDWXEYAWP80PA2ZAWT4V9V3Q
prod_01KHYQQVQX6X5XVS1A596AQW9J,panel-led-60x60-cm-48w-mainhouse,Panel LED 60x60 cm 48W Mainhouse,published,http://localhost:9000/static/1771631799860-panel-led-60-x-60-cm-40w-marco-blanco%20(1).jpg,sc_01K7D6J88YHZWJZPADM83Q3FGR,,variant_01KHYQQW8NGRSHT91P8XCF545J
prod_01KHYQQVQX6X5XVS1A596AQW9J,panel-led-60x60-cm-48w-mainhouse,Panel LED 60x60 cm 48W Mainhouse,published,http://localhost:9000/static/1771631799860-panel-led-60-x-60-cm-40w-marco-blanco%20(1).jpg,sc_01K7D6J88YHZWJZPADM83Q3FGR,,variant_01KHYQQW8PGRFKHCK5RZH3VJRD
prod_01KHYRBECEBRNSV7W2B1YB3SNT,cadre-en-saillie-aluminium-pour-panneau-led-60x60-595x595-blanc-mainhouse,Cadre en Saillie Aluminium pour Panneau LED 60x60 (595x595) - Blanc | Mainhouse,published,http://localhost:9000/static/1771632441555-cadre-en-aluminium-blanc-pour-panneau-60x60%20(4).jpg,sc_01K7D6J88YHZWJZPADM83Q3FGR,,variant_01KHYRBET8RZDY7Z69HDTRHXFK
prod_01KJ01EXDBVWWJE34Q1GVFREAN,cadre-led-60x60-slim-48w-4800-lumens-pour-faux-plafond,Cadre LED 60x60 Slim 48W - 4800 Lumens - Pour Faux Plafond,published,http://localhost:9000/static/1771675546884-cadre-lumineux-led-60x60-48w-demontable%20(2).jpg,sc_01K7D6J88YHZWJZPADM83Q3FGR,,variant_01KJ01EXYFJN4327AY39WFPVRZ
prod_01KJ01EXDBVWWJE34Q1GVFREAN,cadre-led-60x60-slim-48w-4800-lumens-pour-faux-plafond,Cadre LED 60x60 Slim 48W - 4800 Lumens - Pour Faux Plafond,published,http://localhost:9000/static/1771675546884-cadre-lumineux-led-60x60-48w-demontable%20(2).jpg,sc_01K7D6J88YHZWJZPADM83Q3FGR,,variant_01KJ01EXYH31733D2N7XY7J0K8
prod_01KJ024ZPP7396TF377Y7QS30E,panel-led-rectangulaire-30x120-48w-4800-lumens,Panel Led Rectangulaire 30x120 - 48W - 4800 Lumens,published,http://localhost:9000/static/1771676269944-panneau-a-leds-30-x-120-cm-40w-cadre-blanc.jpg,sc_01K7D6J88YHZWJZPADM83Q3FGR,,variant_01KJ0250B2KJHXARFZX8Z2KZRX
prod_01KJ024ZPP7396TF377Y7QS30E,panel-led-rectangulaire-30x120-48w-4800-lumens,Panel Led Rectangulaire 30x120 - 48W - 4800 Lumens,published,http://localhost:9000/static/1771676269944-panneau-a-leds-30-x-120-cm-40w-cadre-blanc.jpg,sc_01K7D6J88YHZWJZPADM83Q3FGR,,variant_01KJ0250BK5XKV308CZNB5VPMB
prod_01KJ03E6VJGAQATD27HDBQN624,cadre-en-saillie-aluminium-pour-dalle-led-60x120cadre-en-saillie-aluminium-pour-dalle-led-60x120cadre-en-saillie-aluminium-pour-led-oanel-30x120-blanc,Cadre en Saillie Aluminium pour Dalle LED 60x120Cadre en Saillie Aluminium pour Dalle LED 60x120Cadre en Saillie Aluminium pour LED Oanel  30x120 BLANC,published,http://localhost:9000/static/1771677620844-cadre-en-aluminium-blanc-pour-panneau-30x120%20(1).jpg,sc_01K7D6J88YHZWJZPADM83Q3FGR,,variant_01KJ03E7A6FYTVX2TE06VKBX7G
prod_01KJ03YAPTG5Z3VNJM7T26AVTV,kit-de-fixation-a-ressorts-pour-panel-led-lot-de-4-encastrement-plafond,Kit de Fixation à Ressorts pour Panel LED (Lot de 4) - Encastrement Plafond,published,http://localhost:9000/static/1771678149005-kit-instalacion-panel-led-techo-escayola-4-ud%20(3).jpg,sc_01K7D6J88YHZWJZPADM83Q3FGR,,variant_01KJ03YB7KWD83ZJWPP6T2NAPG
prod_01KJ0H5E40J2HD8DDRW2WPAVMF,kit-de-suspension-pour-profile-led-aluminium-cable-acier,Kit de Suspension pour Profilé LED Aluminium - Câble Acier,published,http://localhost:9000/static/1771692013536-kit-d-installation-de-profiles-de-suspension.jpg,sc_01K7D6J88YHZWJZPADM83Q3FGR,,variant_01KJ0H5EDJ2RZ1JRA0ZDFPT13G
prod_01KJ0H5E40J2HD8DDRW2WPAVMF,kit-de-suspension-pour-profile-led-aluminium-cable-acier,Kit de Suspension pour Profilé LED Aluminium - Câble Acier,published,http://localhost:9000/static/1771692013536-kit-d-installation-de-profiles-de-suspension.jpg,sc_01K7D6J88YHZWJZPADM83Q3FGR,,variant_01KJ0H5EDK8431FK1PKTNX2GCF
prod_01KJ0H5E40J2HD8DDRW2WPAVMF,kit-de-suspension-pour-profile-led-aluminium-cable-acier,Kit de Suspension pour Profilé LED Aluminium - Câble Acier,published,http://localhost:9000/static/1771692013536-kit-d-installation-de-profiles-de-suspension.jpg,sc_01K7D6J88YHZWJZPADM83Q3FGR,,variant_01KJ0H5EDK4EJJVMBBFE47NCK9
prod_01KJ0HYBWPGEANVX84Q21KPYMG,plafonnier-led-apparent-rond-wisled-de-6w-finition-aluminium,Plafonnier LED Apparent Rond WISLED - De 6W - Finition Aluminium,published,http://localhost:9000/static/1771692830455-dalle-led-ronde-6-w-en-applique-plafonnier-bonny-6%20(3).jpg,sc_01K7D6J88YHZWJZPADM83Q3FGR,,variant_01KJ0HYC7WXFKWVQKEDNSATRRX
prod_01KJ0HYBWPGEANVX84Q21KPYMG,plafonnier-led-apparent-rond-wisled-de-6w-finition-aluminium,Plafonnier LED Apparent Rond WISLED - De 6W - Finition Aluminium,published,http://localhost:9000/static/1771692830455-dalle-led-ronde-6-w-en-applique-plafonnier-bonny-6%20(3).jpg,sc_01K7D6J88YHZWJZPADM83Q3FGR,,variant_01KJ0HYC7Y1VP16NF0TG5W0VCE
prod_01KJ0HYBWPGEANVX84Q21KPYMG,plafonnier-led-apparent-rond-wisled-de-6w-finition-aluminium,Plafonnier LED Apparent Rond WISLED - De 6W - Finition Aluminium,published,http://localhost:9000/static/1771692830455-dalle-led-ronde-6-w-en-applique-plafonnier-bonny-6%20(3).jpg,sc_01K7D6J88YHZWJZPADM83Q3FGR,,variant_01KJ0HYC7YZ8MEQTDF1PS60PN1
prod_01KJ0J7FW8WHDKMKSAG2WJXE3E,plafonnier-led-apparent-rond-wisled-12w,Plafonnier LED Apparent Rond WISLED - 12W,published,http://localhost:9000/static/1771693129479-dalle-led-ronde-12-w-en-applique-plafonnier-bonny-12%20(3).jpg,sc_01K7D6J88YHZWJZPADM83Q3FGR,,variant_01KJ0J7G4KNYPMH8JVGNT9270H
prod_01KJ0J7FW8WHDKMKSAG2WJXE3E,plafonnier-led-apparent-rond-wisled-12w,Plafonnier LED Apparent Rond WISLED - 12W,published,http://localhost:9000/static/1771693129479-dalle-led-ronde-12-w-en-applique-plafonnier-bonny-12%20(3).jpg,sc_01K7D6J88YHZWJZPADM83Q3FGR,,variant_01KJ0J7G4KZDAPNBTXHYKMR7GN
prod_01KJ0J7FW8WHDKMKSAG2WJXE3E,plafonnier-led-apparent-rond-wisled-12w,Plafonnier LED Apparent Rond WISLED - 12W,published,http://localhost:9000/static/1771693129479-dalle-led-ronde-12-w-en-applique-plafonnier-bonny-12%20(3).jpg,sc_01K7D6J88YHZWJZPADM83Q3FGR,,variant_01KJ0J7G4MP4QXJ7X4886SQ8YD
prod_01KJ0JFCFNKF3Z65G7KJVHPWS7,plafonnier-led-apparent-rond-18w-finition-aluminium,Plafonnier LED Apparent Rond 18W Finition Aluminium,published,http://localhost:9000/static/1771693388165-dalle-led-ronde-18-w-en-applique-plafonnier-bonny-18%20(1).jpg,sc_01K7D6J88YHZWJZPADM83Q3FGR,,variant_01KJ0JFCMP4A2DKJ1654159AP9
prod_01KJ0JFCFNKF3Z65G7KJVHPWS7,plafonnier-led-apparent-rond-18w-finition-aluminium,Plafonnier LED Apparent Rond 18W Finition Aluminium,published,http://localhost:9000/static/1771693388165-dalle-led-ronde-18-w-en-applique-plafonnier-bonny-18%20(1).jpg,sc_01K7D6J88YHZWJZPADM83Q3FGR,,variant_01KJ0JFCMP64WKM8YKXHTTF7RH
prod_01KJ0JFCFNKF3Z65G7KJVHPWS7,plafonnier-led-apparent-rond-18w-finition-aluminium,Plafonnier LED Apparent Rond 18W Finition Aluminium,published,http://localhost:9000/static/1771693388165-dalle-led-ronde-18-w-en-applique-plafonnier-bonny-18%20(1).jpg,sc_01K7D6J88YHZWJZPADM83Q3FGR,,variant_01KJ0JFCMPPWRSFV3PZ4R09E66
prod_01KJ0JW8H5RAECKAZZD52SST4E,plafonnier-led-apparent-rond-24w,Plafonnier LED Apparent Rond-24W,published,http://localhost:9000/static/1771693810011-dalle-led-ronde-24-w-en-applique-plafonnier-bonny-24%20(1).jpg,sc_01K7D6J88YHZWJZPADM83Q3FGR,,variant_01KJ0JW8RQ8KQY8SS72VR8T4ME
prod_01KJ0JW8H5RAECKAZZD52SST4E,plafonnier-led-apparent-rond-24w,Plafonnier LED Apparent Rond-24W,published,http://localhost:9000/static/1771693810011-dalle-led-ronde-24-w-en-applique-plafonnier-bonny-24%20(1).jpg,sc_01K7D6J88YHZWJZPADM83Q3FGR,,variant_01KJ0JW8RQKQPN4VQ4RBM8GHM2
prod_01KJ0JW8H5RAECKAZZD52SST4E,plafonnier-led-apparent-rond-24w,Plafonnier LED Apparent Rond-24W,published,http://localhost:9000/static/1771693810011-dalle-led-ronde-24-w-en-applique-plafonnier-bonny-24%20(1).jpg,sc_01K7D6J88YHZWJZPADM83Q3FGR,,variant_01KJ0JW8RR6KGPX5327T7W08MD
prod_01KJ2KB73PZTA80GJYH2WM0A4W,plafonnier-led-carre-6w-en-applique-dalle-led-extra-plate-haute-luminosite,Plafonnier LED Carré 6W en Applique - Dalle LED Extra Plate Haute Luminosité,published,http://localhost:9000/static/1771761374382-dalle-led-carree-6-w-en-applique-extra-plate-plafonnier-mainhouse-1.jpg,sc_01K7D6J88YHZWJZPADM83Q3FGR,,variant_01KJ2KBA125FH78H0WT44QD6JS
prod_01KJ2KB73PZTA80GJYH2WM0A4W,plafonnier-led-carre-6w-en-applique-dalle-led-extra-plate-haute-luminosite,Plafonnier LED Carré 6W en Applique - Dalle LED Extra Plate Haute Luminosité,published,http://localhost:9000/static/1771761374382-dalle-led-carree-6-w-en-applique-extra-plate-plafonnier-mainhouse-1.jpg,sc_01K7D6J88YHZWJZPADM83Q3FGR,,variant_01KJ2KBA1DH03ANDYVGCGKSGW9
prod_01KJ2KB73PZTA80GJYH2WM0A4W,plafonnier-led-carre-6w-en-applique-dalle-led-extra-plate-haute-luminosite,Plafonnier LED Carré 6W en Applique - Dalle LED Extra Plate Haute Luminosité,published,http://localhost:9000/static/1771761374382-dalle-led-carree-6-w-en-applique-extra-plate-plafonnier-mainhouse-1.jpg,sc_01K7D6J88YHZWJZPADM83Q3FGR,,variant_01KJ2KBA1EG9THSRTKZVJ29J1N
prod_01KJ2KG2PBXV56TX1GNHF197CG,plafonnier-led-carre-6w-en-applique-dalle-led-extra-haute-luminosite,Plafonnier LED Carré 6W en Applique - Dalle LED Extra Haute Luminosité,published,http://localhost:9000/static/1771761568375-dalle-led-carree-6-w-en-applique-extra-plate-plafonnier-mainhouse-1.jpg,sc_01K7D6J88YHZWJZPADM83Q3FGR,,variant_01KJ2KG39F1VZVRYHRKTDWM3CW
prod_01KJ2KG2PBXV56TX1GNHF197CG,plafonnier-led-carre-6w-en-applique-dalle-led-extra-haute-luminosite,Plafonnier LED Carré 6W en Applique - Dalle LED Extra Haute Luminosité,published,http://localhost:9000/static/1771761568375-dalle-led-carree-6-w-en-applique-extra-plate-plafonnier-mainhouse-1.jpg,sc_01K7D6J88YHZWJZPADM83Q3FGR,,variant_01KJ2KG39JXH5VKQG3PVAJ7QZD
prod_01KJ2KG2PBXV56TX1GNHF197CG,plafonnier-led-carre-6w-en-applique-dalle-led-extra-haute-luminosite,Plafonnier LED Carré 6W en Applique - Dalle LED Extra Haute Luminosité,published,http://localhost:9000/static/1771761568375-dalle-led-carree-6-w-en-applique-extra-plate-plafonnier-mainhouse-1.jpg,sc_01K7D6J88YHZWJZPADM83Q3FGR,,variant_01KJ2KG39KC8ZVJG0CJKHV4F8M
prod_01KJ2KRWCQ9XGEPEYZQBA3MCFD,plafonnier-led-carre-12w-en-saillie-dalle-led-aluminium,Plafonnier LED Carré 12W en Saillie - Dalle LED Aluminium,published,http://localhost:9000/static/1771761856529-dalle-led-carree-12-w-en-applique-extra-plate-plafonnier-mainhoise.jpg,sc_01K7D6J88YHZWJZPADM83Q3FGR,,variant_01KJ2KRWV6M78AM4V34DCJS75Q
prod_01KJ2KRWCQ9XGEPEYZQBA3MCFD,plafonnier-led-carre-12w-en-saillie-dalle-led-aluminium,Plafonnier LED Carré 12W en Saillie - Dalle LED Aluminium,published,http://localhost:9000/static/1771761856529-dalle-led-carree-12-w-en-applique-extra-plate-plafonnier-mainhoise.jpg,sc_01K7D6J88YHZWJZPADM83Q3FGR,,variant_01KJ2KRWV7H5V4T1M56FY9VR2Z
prod_01KJ2KRWCQ9XGEPEYZQBA3MCFD,plafonnier-led-carre-12w-en-saillie-dalle-led-aluminium,Plafonnier LED Carré 12W en Saillie - Dalle LED Aluminium,published,http://localhost:9000/static/1771761856529-dalle-led-carree-12-w-en-applique-extra-plate-plafonnier-mainhoise.jpg,sc_01K7D6J88YHZWJZPADM83Q3FGR,,variant_01KJ2KRWV76S2KTS7FK0EXT7YS
prod_01KJ2M0S78ESXVMYMHA7F8JGKY,grande-dalle-led-carree-18w-en-saillie-plafonnier,Grande Dalle LED Carrée 18W en Saillie - Plafonnier,published,http://localhost:9000/static/1771762115554-dalle-led-carree-18w-en-applique-extra-plate-plafonnier-mainhoise-1.jpg,sc_01K7D6J88YHZWJZPADM83Q3FGR,,variant_01KJ2M0SPX5FTN5YBZ810XGE5R
prod_01KJ2M0S78ESXVMYMHA7F8JGKY,grande-dalle-led-carree-18w-en-saillie-plafonnier,Grande Dalle LED Carrée 18W en Saillie - Plafonnier,published,http://localhost:9000/static/1771762115554-dalle-led-carree-18w-en-applique-extra-plate-plafonnier-mainhoise-1.jpg,sc_01K7D6J88YHZWJZPADM83Q3FGR,,variant_01KJ2M0SPZAGN0A7FK2MJ2Y7PG
prod_01KJ2M0S78ESXVMYMHA7F8JGKY,grande-dalle-led-carree-18w-en-saillie-plafonnier,Grande Dalle LED Carrée 18W en Saillie - Plafonnier,published,http://localhost:9000/static/1771762115554-dalle-led-carree-18w-en-applique-extra-plate-plafonnier-mainhoise-1.jpg,sc_01K7D6J88YHZWJZPADM83Q3FGR,,variant_01KJ2M0SPZQ1YGPNMN4XKBP5FY
prod_01KJ2M88ER08CZPE8X8E7MJ0JG,grand-plafonnier-led-rond-24w-en-saillie-dalle-led-extra-plate,Grand Plafonnier LED Rond 24W en Saillie - Dalle LED Extra-Plate,published,http://localhost:9000/static/1771762358637-dalle-led-carree-24-w-en-applique-extra-plate-plafonnier-mainhoise-1.jpg,sc_01K7D6J88YHZWJZPADM83Q3FGR,,variant_01KJ2M89GYP321P05QFWTM50QF
prod_01KJ2M88ER08CZPE8X8E7MJ0JG,grand-plafonnier-led-rond-24w-en-saillie-dalle-led-extra-plate,Grand Plafonnier LED Rond 24W en Saillie - Dalle LED Extra-Plate,published,http://localhost:9000/static/1771762358637-dalle-led-carree-24-w-en-applique-extra-plate-plafonnier-mainhoise-1.jpg,sc_01K7D6J88YHZWJZPADM83Q3FGR,,variant_01KJ2M89H2GY5G2DFGX29KWNNT
prod_01KJ2M88ER08CZPE8X8E7MJ0JG,grand-plafonnier-led-rond-24w-en-saillie-dalle-led-extra-plate,Grand Plafonnier LED Rond 24W en Saillie - Dalle LED Extra-Plate,published,http://localhost:9000/static/1771762358637-dalle-led-carree-24-w-en-applique-extra-plate-plafonnier-mainhoise-1.jpg,sc_01K7D6J88YHZWJZPADM83Q3FGR,,variant_01KJ2M89H3M6HEZAQNQN5ZF92Z
prod_01KJ2N2JK884B34X1JEG0M4P5G,neon-flex-led-bleu-12v-ruban-flexible-6x12mm-haute-qualite-ip67,Néon Flex LED Bleue 12V - Ruban Flexible 6x12mm Haute Qualité (IP67),published,http://localhost:9000/static/1771804448671-Neon_Flex_Blue-12V.png,sc_01K7D6J88YHZWJZPADM83Q3FGR,,variant_01KJ2N2KA0X9M395BBGE3DHKX7
prod_01KJ2TP1JVH91306XA1HGANRZB,neon-flex-612mm-gold-dore-12v,NEON FLEX 6*12MM Gold (Doré) 12V,published,http://localhost:9000/static/1771802438675-Neon_Flex_Gold-12v.png,sc_01K7D6J88YHZWJZPADM83Q3FGR,,variant_01KJ2TP20CG80FJW8JCHKV2P03
prod_01KJ2TZRZQ56K6YWNT9E2XQY1P,neon-flex-led-orange-12v-ruban-flexible-6x12mm-etanche-ip67,Néon Flex LED Orange 12V - Ruban Flexible 6x12mm Étanche (IP67),published,http://localhost:9000/static/1771803572789-Neon_Flex_Orange-12V.png,sc_01K7D6J88YHZWJZPADM83Q3FGR,,variant_01KJ2TZTZHJ1VP2B9YMTZ20EP8
prod_01KJ2V1DTD0F13XGGNE14HPG82,neon-flex-led-rose-12v-ruban-flexible-6x12mm-etanche-ip67,Néon Flex LED Rose 12V - Ruban Flexible 6x12mm Étanche (IP67),published,http://localhost:9000/static/1771804417312-Neon_Flex_Pink-12V.png,sc_01K7D6J88YHZWJZPADM83Q3FGR,,variant_01KJ2V1E3NYFD0DWR3G29WNGN3
prod_01KJ2V76R2XH59SCWGBW8PQFKM,neon-flex-led-rouge-12v-ruban-flexible-6x12mm-haute-intensite-ip67,Néon Flex LED Rouge 12V - Ruban Flexible 6x12mm Haute Intensité (IP67),published,http://localhost:9000/static/1771804389002-Neon_Flex_Red-12V.png,sc_01K7D6J88YHZWJZPADM83Q3FGR,,variant_01KJ2V76W2YHR3YQ19NZ6PB8BV
prod_01KJ2VEZQBQBAEK27V3KKB1RF6,neon-flex-led-vert-12v-ruban-flexible-6x12mm-etanche-ip67,Néon Flex LED Vert 12V - Ruban Flexible 6x12mm Étanche (IP67),published,http://localhost:9000/static/1771803593041-Neon_Flex_green_12V.png,sc_01K7D6J88YHZWJZPADM83Q3FGR,,variant_01KJ2VEZX2W9J22M2KKNCDQCC1
prod_01KJ2VHKT0DQFTEGEX3M3WZ25D,neon-flex-led-violet-12v-ruban-flexible-6x12mm-ultra-lumineux-ip67,Néon Flex LED Violet 12V - Ruban Flexible 6x12mm Ultra-Lumineux (IP67),published,http://localhost:9000/static/1771804349288-Neon_Flex_Blue-12V.png,sc_01K7D6J88YHZWJZPADM83Q3FGR,,variant_01KJ2VHMAXEK0VW2RFBRB7PWRA
prod_01KJ2VM4QQ5ACVE84C6KRJ6GW7,neon-flex-led-blanc-neutre-12v-ruban-flexible-6x12mm-ip67-lumiere-du-jour,Néon Flex LED Blanc Neutre 12V - Ruban Flexible 6x12mm (IP67) - Lumière du Jour,published,http://localhost:9000/static/1771805017782-Neon_Flex_White-12V.png,sc_01K7D6J88YHZWJZPADM83Q3FGR,,variant_01KJ2VM4TXW4AW3CFKF83CRDX7
prod_01KJ2VP29FBSE4E0X90JNW62NB,neon-flex-led-blanc-chaud-12v-ruban-flexible-6x12mm-ip67-ambiance-chaleureuse,Néon Flex LED Blanc Chaud 12V - Ruban Flexible 6x12mm (IP67) - Ambiance Chaleureuse,published,http://localhost:9000/static/1771805042278-Neon_Flex_White-12V.png,sc_01K7D6J88YHZWJZPADM83Q3FGR,,variant_01KJ2VP2BPXP2BYHDJZWBZ6KDC
prod_01KJ2VQZC3HDSWYR39BGNBYNCT,neon-flex-led-blanc-froid-12v-ruban-flexible-6x12mm-ip67-haute-luminosite,Néon Flex LED Blanc Froid 12V - Ruban Flexible 6x12mm (IP67) - Haute Luminosité,published,http://localhost:9000/static/1771805063802-Neon_Flex_White-12V.png,sc_01K7D6J88YHZWJZPADM83Q3FGR,,variant_01KJ2VQZE4YHWTY8WW0RJ6WNWN
prod_01KJ2W0VAF3FFA1E0YJWY0HJ0K,connecteur-rapide-cable-a-2-broches-pour-neon-flexible-led-12-24v-dc-avec-un-indice-de-protection-ip20-pour-garantir-un-fonctionnement-correct-il-est-recommande-de-souder-les-pins-la-perception-visuelle-du-client-des-tailles-couleurs-textures-etc-de-nos-produits-peut-etre-affectee-par-des-facteurs-tels-que-la-lumiere-ambiante-le-calibrage-de-lecran-langle-de-vision-ou-le-dispositif-de-chaque-utilisateur-le-client-doit-tenir-compte-du-fait-que-les-retours-effectues-pour-des-raisons-non-liees-au-fonctionnement-du-produit-seront-a-la-charge-du-client,"Connecteur rapide câblé à 2 broches pour Néon Flexible LED 12-24V DC avec un indice de protection IP20. Pour garantir un fonctionnement correct, il est recommandé de souder les pins.  *La perception visuelle du client des tailles, couleurs, textures, etc. de nos produits peut être affectée par des facteurs tels que la lumière ambiante, le calibrage de l'écran, l'angle de vision ou le dispositif de chaque utilisateur. Le client doit tenir compte du fait que les retours effectués pour des raisons non liées au fonctionnement du produit, seront à la charge du client.",published,http://localhost:9000/static/1771770506452-cable-conexion-tiras-neon-12-24v-dc.webp,sc_01K7D6J88YHZWJZPADM83Q3FGR,,variant_01KJ2W0VKG8V7XPXSH8NB9W6VW
prod_01KJ6CXX1EWEN797M1M83VY68E,module-3-led-bleu-15w-avec-lentille-etanche-ip65-wisled,Module 3 LED Bleu 1.5W avec Lentille - Étanche IP65 - WISLED,published,http://localhost:9000/static/1771888898990-Gemini_Generated_Image_pe9w2spe9w2spe9w.png,sc_01K7D6J88YHZWJZPADM83Q3FGR,,variant_01KJ6CXXAQPZX12YYCXPPAZPYF
prod_01KJ6DDPNHZWAME39J8RS4MT3W,module-3-led-rouge-15w-avec-lentille-etanche-ip65-wisled,Module 3 LED Rouge 1.5W avec Lentille - Étanche IP65 - WISLED,published,http://localhost:9000/static/1771889416765-module_led-red.png,sc_01K7D6J88YHZWJZPADM83Q3FGR,,variant_01KJ6DDPV35VRAF5A2A67T7YPA
prod_01KJ6DTV8GKRQFBVY96DWZX9V8,module-3-led-vert-15w-avec-lentille-etanche-ip65-wisled,Module 3 LED Vert 1.5W avec Lentille - Étanche IP65 - WISLED,published,http://localhost:9000/static/1771889847398-module_led-vert.png,sc_01K7D6J88YHZWJZPADM83Q3FGR,,variant_01KJ6DTVH3WMBS27J5EYDYTD3V
prod_01KJ6E4YF6VE1AD94A7RG6J6YH,module-3-led-rose-pink-15w-avec-lentille-etanche-ip65-wisled,Module 3 LED Rose (Pink) 1.5W avec Lentille - Étanche IP65 - WISLED,published,http://localhost:9000/static/1771890178267-module_led_pink.jpg,sc_01K7D6J88YHZWJZPADM83Q3FGR,,variant_01KJ6E4YS3X2AEMGJ84PAXWFAC
prod_01KJ6ED6EWJYRKD40ZYZDXXYCV,module-3-led-blanc-froid-15w-avec-lentille-etanche-ip65-wisled,Module 3 LED Blanc Froid 1.5W avec Lentille - Étanche IP65 - WISLED,published,http://localhost:9000/static/1771890448751-module-blanc.png,sc_01K7D6J88YHZWJZPADM83Q3FGR,,variant_01KJ6ED6PCDD3ZTZDJ388VW92N
prod_01KJ6EG33RETY2MBJG86P5KTMH,module-3-led-blanc-chaud-15w-avec-lentille-etanche-ip65-wisled,Module 3 LED Blanc Chaud 1.5W avec Lentille - Étanche IP65 - WISLED,published,http://localhost:9000/static/1771890543696-module-blanc.png,sc_01K7D6J88YHZWJZPADM83Q3FGR,,variant_01KJ6EG36F618PWECS5VMN0ZGZ
prod_01KJ6EX53A4FJFQWJ3R6PDHP3T,module-3-led-jaune-yellow-15w-avec-lentille-etanche-ip65-wisled,Module 3 LED Jaune (Yellow) 1.5W avec Lentille - Étanche IP65 - WISLED,published,http://localhost:9000/static/1771890971677-Hfea354561e1a48cc98efe7245691a40ec.jpg,sc_01K7D6J88YHZWJZPADM83Q3FGR,,variant_01KJ6EX597N2V6DVJVX2968F80
prod_01KJ94F40R71AEW8QGJ7K71J4J,armature-led-ufo-100w-haute-baie-industrielle-wisled,Armature LED UFO 100W - Haute Baie Industrielle - WISLED,published,http://localhost:9000/static/1771980689118-Armature-LED-UFO-100W.jpg,sc_01K7D6J88YHZWJZPADM83Q3FGR,,variant_01KJ94F4M61F0KH88VCPGEP1DX
prod_01KJ94K7K4TSM617ZG0DAZ6FMM,armature-led-ufo-150w-projecteur-industriel-suspendu-wisled,Armature LED UFO 150W - Projecteur Industriel Suspendu - WISLED,published,http://localhost:9000/static/1771981078528-Armature-LED%20UFO-150W-3.jpg,sc_01K7D6J88YHZWJZPADM83Q3FGR,,variant_01KJ94K7VK5JSSZ6ZZPH9RGE7W
prod_01KJ94Z5B4ZYMQED5HCHNMV898,armature-led-ufo-200w-eclairage-industriel-tres-haute-puissance-wisled,Armature LED UFO 200W - Éclairage Industriel Très Haute Puissance - WISLED,published,http://localhost:9000/static/1771981214929-Armature-LED%20UFO-200W%20(2).jpg,sc_01K7D6J88YHZWJZPADM83Q3FGR,,variant_01KJ94Z5NPY5480K7QTT2KSZBR
prod_01KJ95JKMW1ZEJPJYT7Y45CGAD,armature-industrielle-led-compacte-150w-22-500-lumens-ip65-wisled,Armature Industrielle LED Compacte 150W - 22 500 Lumens - IP65 - WISLED,published,http://localhost:9000/static/1771981852216-Armature-industrielle-led-compact-150w.webp,sc_01K7D6J88YHZWJZPADM83Q3FGR,,variant_01KJ95JKWFWJSM8SMKT78JH33C
prod_01KJ95Q51EWEPZK6GGFDGF3VM2,armature-industrielle-led-compacte-200w-30-000-lumens-ip65-wisled,Armature Industrielle LED Compacte 200W - 30 000 Lumens - IP65 - WISLED,published,http://localhost:9000/static/1771982001041-Armature-industrielle-led-compact-200w%20(1).webp,sc_01K7D6J88YHZWJZPADM83Q3FGR,,variant_01KJ95Q5AA0TNYK344DHE43Y5M